{
	"credit": "Made with Blockbench",
	"textures": {
		"2": "block/crying_obsidian",
		"8": "block/dragon_egg",
		"9": "block/end_portal_frame_top",
		"10": "block/end_portal_frame_eye",
		"11": "block/end_stone_bricks",
		"13": "block/wither",
		"14": "block/deepslate_emerald_ore",
		"17": "block/chorus_flower"
	},
	"elements": [
		{
			"from": [18.25, 12.75, 0.75],
			"to": [18.75, 14.75, 2.75],
			"rotation": {"angle": 45, "axis": "x", "origin": [1.5, 5.25, 1]},
			"faces": {
				"north": {"uv": [0, 0, 16, 16], "rotation": 180, "texture": "#14"},
				"east": {"uv": [0, 0, 16, 16], "rotation": 180, "texture": "#14"},
				"south": {"uv": [0, 0, 16, 16], "rotation": 180, "texture": "#14"},
				"west": {"uv": [0, 0, 16, 16], "rotation": 180, "texture": "#14"},
				"up": {"uv": [0, 0, 16, 16], "rotation": 90, "texture": "#14"},
				"down": {"uv": [0, 0, 16, 16], "rotation": 270, "texture": "#14"}
			}
		},
		{
			"from": [0.25, 13, 0.5],
			"to": [0.75, 15.25, 2.75],
			"rotation": {"angle": 45, "axis": "x", "origin": [1.5, 5.25, 1]},
			"faces": {
				"north": {"uv": [0, 0, 16, 16], "rotation": 180, "texture": "#14"},
				"east": {"uv": [0, 0, 16, 16], "rotation": 180, "texture": "#14"},
				"south": {"uv": [0, 0, 16, 16], "rotation": 180, "texture": "#14"},
				"west": {"uv": [0, 0, 16, 16], "rotation": 180, "texture": "#14"},
				"up": {"uv": [0, 0, 16, 16], "rotation": 90, "texture": "#14"},
				"down": {"uv": [0, 0, 16, 16], "rotation": 270, "texture": "#14"}
			}
		},
		{
			"from": [17.25, 12.25, 0.25],
			"to": [18.25, 15.25, 3.25],
			"rotation": {"angle": 45, "axis": "x", "origin": [1.5, 5.25, 1]},
			"faces": {
				"north": {"uv": [0, 0, 2.25, 2.5], "rotation": 180, "texture": "#9"},
				"east": {"uv": [0, 0, 15, 15], "rotation": 180, "texture": "#9"},
				"south": {"uv": [0, 0, 15, 15], "rotation": 180, "texture": "#9"},
				"west": {"uv": [0, 0, 15, 15], "rotation": 180, "texture": "#9"},
				"up": {"uv": [0, 0, 2.5, 2.25], "rotation": 90, "texture": "#9"},
				"down": {"uv": [0, 0, 2.5, 2.25], "rotation": 270, "texture": "#9"}
			}
		},
		{
			"from": [8.5, 9.75, 15],
			"to": [10.25, 11.5, 15.25],
			"rotation": {"angle": 0, "axis": "z", "origin": [1.5, 5.25, 1]},
			"faces": {
				"north": {"uv": [0, 0, 1.75, 1.75], "rotation": 270, "texture": "#9"},
				"east": {"uv": [0, 0, 1.75, 0.25], "rotation": 90, "texture": "#9"},
				"south": {"uv": [0, 0, 16, 16], "rotation": 90, "texture": "#9"},
				"west": {"uv": [0, 0, 1.75, 0.25], "rotation": 90, "texture": "#9"},
				"up": {"uv": [0, 0, 0.25, 1.75], "rotation": 90, "texture": "#9"},
				"down": {"uv": [0, 0, 0.25, 1.75], "rotation": 90, "texture": "#9"}
			}
		},
		{
			"from": [8.75, 10, 15.5],
			"to": [10, 11.25, 15.5],
			"rotation": {"angle": 0, "axis": "z", "origin": [1.5, 5.25, 1]},
			"faces": {
				"north": {"uv": [0, 0, 16, 16], "texture": "#10"},
				"east": {"uv": [0, 0, 16, 16], "texture": "#10"},
				"south": {"uv": [4, 4, 12, 12], "texture": "#10"},
				"west": {"uv": [0, 0, 16, 16], "texture": "#10"},
				"up": {"uv": [0, 0, 16, 16], "texture": "#10"},
				"down": {"uv": [0, 0, 16, 16], "texture": "#10"}
			}
		},
		{
			"from": [8.75, 16.75, 13],
			"to": [10.25, 18.25, 14.5],
			"rotation": {"angle": 0, "axis": "z", "origin": [1.5, 4.75, 1]},
			"faces": {
				"north": {"uv": [0, 0, 16, 16], "texture": "#13"},
				"east": {"uv": [0, 0, 2.25, 2], "texture": "#13"},
				"south": {"uv": [0, 0, 16, 16], "texture": "#13"},
				"west": {"uv": [0, 0, 2.25, 2], "texture": "#13"},
				"up": {"uv": [0, 0, 2, 2.25], "texture": "#13"},
				"down": {"uv": [0, 0, 2, 2.25], "texture": "#13"}
			}
		},
		{
			"from": [8.5, 13.25, 10.75],
			"to": [10, 14.75, 12.25],
			"rotation": {"angle": -22.5, "axis": "y", "origin": [1.5, 4.75, 1]},
			"faces": {
				"north": {"uv": [0, 0, 16, 16], "texture": "#11"},
				"east": {"uv": [0, 0, 2.25, 2], "texture": "#11"},
				"south": {"uv": [0, 3, 2, 15], "texture": "#11"},
				"west": {"uv": [0, 0, 1.25, 3], "texture": "#11"},
				"up": {"uv": [0, 0, 2, 2.25], "texture": "#11"},
				"down": {"uv": [0, 0, 2, 2.25], "texture": "#11"}
			}
		},
		{
			"from": [8.75, 13.5, 11.75],
			"to": [9.75, 14.5, 12.5],
			"rotation": {"angle": -22.5, "axis": "y", "origin": [1.5, 4.75, 1]},
			"faces": {
				"north": {"uv": [0, 0, 16, 16], "texture": "#17"},
				"east": {"uv": [0, 0, 2.25, 2], "texture": "#17"},
				"south": {"uv": [0, 0, 16, 16], "texture": "#17"},
				"west": {"uv": [0, 0, 1.25, 3], "texture": "#17"},
				"up": {"uv": [0, 0, 2, 2.25], "texture": "#17"},
				"down": {"uv": [0, 0, 2, 2.25], "texture": "#17"}
			}
		},
		{
			"from": [8.5, 13.25, 17],
			"to": [10, 14.75, 18.5],
			"rotation": {"angle": 22.5, "axis": "y", "origin": [1.5, 4.75, 1]},
			"faces": {
				"north": {"uv": [0, 0, 16, 16], "texture": "#11"},
				"east": {"uv": [0, 0, 2.25, 2], "texture": "#11"},
				"south": {"uv": [0, 3, 2, 15], "texture": "#11"},
				"west": {"uv": [0, 0, 2.25, 2], "texture": "#11"},
				"up": {"uv": [0, 0, 2, 2.25], "texture": "#11"},
				"down": {"uv": [0, 0, 2, 2.25], "texture": "#11"}
			}
		},
		{
			"from": [8.75, 13.5, 18.5],
			"to": [9.75, 14.5, 18.75],
			"rotation": {"angle": 22.5, "axis": "y", "origin": [1.5, 4.75, 1]},
			"faces": {
				"north": {"uv": [0, 0, 16, 16], "texture": "#17"},
				"east": {"uv": [0, 0, 2.25, 2], "texture": "#17"},
				"south": {"uv": [0, 0, 16, 16], "texture": "#17"},
				"west": {"uv": [0, 0, 2.25, 2], "texture": "#17"},
				"up": {"uv": [0, 0, 2, 2.25], "texture": "#17"},
				"down": {"uv": [0, 0, 2, 2.25], "texture": "#17"}
			}
		},
		{
			"from": [8, 9.25, 12.75],
			"to": [10.75, 12, 15],
			"rotation": {"angle": 0, "axis": "z", "origin": [1.5, 5.25, 1]},
			"faces": {
				"north": {"uv": [0, 0, 15, 15], "texture": "#11"},
				"east": {"uv": [0, 0, 2.25, 2.5], "texture": "#11"},
				"south": {"uv": [0, 0, 15, 15], "texture": "#11"},
				"west": {"uv": [0, 0, 2.25, 2.5], "texture": "#11"},
				"up": {"uv": [0, 0, 2.5, 2.25], "texture": "#11"},
				"down": {"uv": [0, 0, 2.5, 2.25], "texture": "#11"}
			}
		},
		{
			"from": [15.57747, 8.5, 3.52552],
			"to": [17.82747, 12.75, 12.02552],
			"rotation": {"angle": 0, "axis": "y", "origin": [16.07747, 5.25, 15.77552]},
			"faces": {
				"north": {"uv": [0, 0, 2.25, 4.25], "texture": "#2"},
				"east": {"uv": [0, 0, 8.5, 4.25], "texture": "#2"},
				"south": {"uv": [0, 0, 2.25, 4.25], "texture": "#2"},
				"west": {"uv": [0, 0, 8.5, 4.25], "texture": "#2"},
				"up": {"uv": [0, 0, 8.5, 2.25], "rotation": 270, "texture": "#2"},
				"down": {"uv": [0, 0, 8.5, 2.25], "rotation": 90, "texture": "#2"}
			}
		},
		{
			"from": [1.17253, 8.5, 3.52552],
			"to": [3.42253, 12.75, 12.02552],
			"rotation": {"angle": 0, "axis": "y", "origin": [15.67253, 5.25, 15.77552]},
			"faces": {
				"north": {"uv": [0, 0, 2.25, 4.25], "texture": "#2"},
				"east": {"uv": [0, 0, 8.5, 4.25], "texture": "#2"},
				"south": {"uv": [0, 0, 2.25, 4.25], "texture": "#2"},
				"west": {"uv": [0, 0, 8.5, 4.25], "texture": "#2"},
				"up": {"uv": [0, 0, 8.5, 2.25], "rotation": 270, "texture": "#2"},
				"down": {"uv": [0, 0, 8.5, 2.25], "rotation": 90, "texture": "#2"}
			}
		},
		{
			"from": [5.25, 8.5, 12.5],
			"to": [13.75, 12.75, 14.75],
			"rotation": {"angle": 0, "axis": "y", "origin": [1.5, 5.25, 1]},
			"faces": {
				"north": {"uv": [0, 0, 8.5, 4.25], "texture": "#2"},
				"east": {"uv": [0, 0, 2.25, 4.25], "texture": "#2"},
				"south": {"uv": [0, 0, 8.5, 4.25], "texture": "#2"},
				"west": {"uv": [0, 0, 2.25, 4.25], "texture": "#2"},
				"up": {"uv": [0, 0, 8.5, 2.25], "texture": "#2"},
				"down": {"uv": [0, 0, 8.5, 2.25], "texture": "#2"}
			}
		},
		{
			"from": [8, 8.75, 11.75],
			"to": [11, 16, 14.5],
			"rotation": {"angle": 0, "axis": "y", "origin": [1.5, 5.25, 1]},
			"faces": {
				"north": {"uv": [0, 0, 8.5, 4.25], "texture": "#2"},
				"east": {"uv": [0, 0, 2.25, 4.25], "texture": "#2"},
				"south": {"uv": [0, 0, 8.5, 4.25], "texture": "#2"},
				"west": {"uv": [0, 0, 2.25, 4.25], "texture": "#2"},
				"up": {"uv": [0, 0, 8.5, 2.25], "texture": "#2"},
				"down": {"uv": [0, 0, 8.5, 2.25], "texture": "#2"}
			}
		},
		{
			"from": [8.5, 16, 12],
			"to": [10.5, 19.25, 14.25],
			"rotation": {"angle": 0, "axis": "y", "origin": [1.5, 5.25, 1]},
			"faces": {
				"north": {"uv": [0, 0, 8.5, 4.25], "texture": "#2"},
				"east": {"uv": [0, 0, 2.25, 4.25], "texture": "#2"},
				"south": {"uv": [0, 0, 8.5, 4.25], "texture": "#2"},
				"west": {"uv": [0, 0, 2.25, 4.25], "texture": "#2"},
				"up": {"uv": [0, 0, 8.5, 2.25], "texture": "#2"},
				"down": {"uv": [0, 0, 8.5, 2.25], "texture": "#2"}
			}
		},
		{
			"from": [8.75, 19, 12.25],
			"to": [10.25, 21.75, 14],
			"rotation": {"angle": 0, "axis": "y", "origin": [1.5, 5.25, 1]},
			"faces": {
				"north": {"uv": [0, 0, 8.5, 4.25], "texture": "#8"},
				"east": {"uv": [0, 0, 2.25, 4.25], "texture": "#8"},
				"south": {"uv": [0, 0, 8.5, 4.25], "texture": "#8"},
				"west": {"uv": [0, 0, 2.25, 4.25], "texture": "#8"},
				"up": {"uv": [0, 0, 8.5, 2.25], "texture": "#8"},
				"down": {"uv": [0, 0, 8.5, 2.25], "texture": "#8"}
			}
		},
		{
			"from": [8.25, 12.75, 10],
			"to": [10.25, 15.5, 12],
			"rotation": {"angle": -22.5, "axis": "y", "origin": [1.5, 5.25, 1]},
			"faces": {
				"north": {"uv": [0, 0, 8.5, 4.25], "texture": "#2"},
				"east": {"uv": [0, 0, 2.25, 4.25], "texture": "#2"},
				"south": {"uv": [0, 0, 8.5, 4.25], "texture": "#2"},
				"west": {"uv": [0, 0, 2.25, 4.25], "texture": "#2"},
				"up": {"uv": [0, 0, 8.5, 2.25], "texture": "#2"},
				"down": {"uv": [0, 0, 8.5, 2.25], "texture": "#2"}
			}
		},
		{
			"from": [8.5, 15.5, 10.25],
			"to": [10, 18.25, 11.75],
			"rotation": {"angle": -22.5, "axis": "y", "origin": [1.5, 5.25, 1]},
			"faces": {
				"north": {"uv": [0, 0, 8.5, 4.25], "texture": "#2"},
				"east": {"uv": [0, 0, 2.25, 4.25], "texture": "#2"},
				"south": {"uv": [0, 0, 8.5, 4.25], "texture": "#2"},
				"west": {"uv": [0, 0, 2.25, 4.25], "texture": "#2"},
				"up": {"uv": [0, 0, 8.5, 2.25], "texture": "#2"},
				"down": {"uv": [0, 0, 8.5, 2.25], "texture": "#2"}
			}
		},
		{
			"from": [8.75, 18.25, 10.5],
			"to": [9.75, 21, 11.5],
			"rotation": {"angle": -22.5, "axis": "y", "origin": [1.5, 5.25, 1]},
			"faces": {
				"north": {"uv": [0, 0, 8.5, 4.25], "texture": "#2"},
				"east": {"uv": [0, 0, 2.25, 4.25], "texture": "#2"},
				"south": {"uv": [0, 0, 8.5, 4.25], "texture": "#2"},
				"west": {"uv": [0, 0, 2.25, 4.25], "texture": "#2"},
				"up": {"uv": [0, 0, 8.5, 2.25], "texture": "#2"},
				"down": {"uv": [0, 0, 8.5, 2.25], "texture": "#2"}
			}
		},
		{
			"from": [9, 21, 10.75],
			"to": [9.5, 23.75, 11.25],
			"rotation": {"angle": -22.5, "axis": "y", "origin": [1.5, 5.25, 1]},
			"faces": {
				"north": {"uv": [0, 0, 8.5, 4.25], "texture": "#8"},
				"east": {"uv": [0, 0, 2.25, 4.25], "texture": "#8"},
				"south": {"uv": [0, 0, 8.5, 4.25], "texture": "#8"},
				"west": {"uv": [0, 0, 2.25, 4.25], "texture": "#8"},
				"up": {"uv": [0, 0, 8.5, 2.25], "texture": "#8"},
				"down": {"uv": [0, 0, 8.5, 2.25], "texture": "#8"}
			}
		},
		{
			"from": [14, 21, -3],
			"to": [14.5, 23.75, -2.5],
			"rotation": {"angle": -22.5, "axis": "y", "origin": [1.5, 5.25, 1]},
			"faces": {
				"north": {"uv": [0, 0, 8.5, 4.25], "texture": "#8"},
				"east": {"uv": [0, 0, 2.25, 4.25], "texture": "#8"},
				"south": {"uv": [0, 0, 8.5, 4.25], "texture": "#8"},
				"west": {"uv": [0, 0, 2.25, 4.25], "texture": "#8"},
				"up": {"uv": [0, 0, 8.5, 2.25], "texture": "#8"},
				"down": {"uv": [0, 0, 8.5, 2.25], "texture": "#8"}
			}
		},
		{
			"from": [13.25, 12.75, -3.75],
			"to": [15.25, 15.5, -1.75],
			"rotation": {"angle": -22.5, "axis": "y", "origin": [1.5, 5.25, 1]},
			"faces": {
				"north": {"uv": [0, 0, 8.5, 4.25], "texture": "#2"},
				"east": {"uv": [0, 0, 2.25, 4.25], "texture": "#2"},
				"south": {"uv": [0, 0, 8.5, 4.25], "texture": "#2"},
				"west": {"uv": [0, 0, 2.25, 4.25], "texture": "#2"},
				"up": {"uv": [0, 0, 8.5, 2.25], "texture": "#2"},
				"down": {"uv": [0, 0, 8.5, 2.25], "texture": "#2"}
			}
		},
		{
			"from": [13.5, 15.5, -3.5],
			"to": [15, 18.25, -2],
			"rotation": {"angle": -22.5, "axis": "y", "origin": [1.5, 5.25, 1]},
			"faces": {
				"north": {"uv": [0, 0, 8.5, 4.25], "texture": "#2"},
				"east": {"uv": [0, 0, 2.25, 4.25], "texture": "#2"},
				"south": {"uv": [0, 0, 8.5, 4.25], "texture": "#2"},
				"west": {"uv": [0, 0, 2.25, 4.25], "texture": "#2"},
				"up": {"uv": [0, 0, 8.5, 2.25], "texture": "#2"},
				"down": {"uv": [0, 0, 8.5, 2.25], "texture": "#2"}
			}
		},
		{
			"from": [13.75, 18.25, -3.25],
			"to": [14.75, 21, -2.25],
			"rotation": {"angle": -22.5, "axis": "y", "origin": [1.5, 5.25, 1]},
			"faces": {
				"north": {"uv": [0, 0, 8.5, 4.25], "texture": "#2"},
				"east": {"uv": [0, 0, 2.25, 4.25], "texture": "#2"},
				"south": {"uv": [0, 0, 8.5, 4.25], "texture": "#2"},
				"west": {"uv": [0, 0, 2.25, 4.25], "texture": "#2"},
				"up": {"uv": [0, 0, 8.5, 2.25], "texture": "#2"},
				"down": {"uv": [0, 0, 8.5, 2.25], "texture": "#2"}
			}
		},
		{
			"from": [8.25, 12.75, 16.25],
			"to": [10.25, 15.5, 18.25],
			"rotation": {"angle": 22.5, "axis": "y", "origin": [1.5, 5.25, 1]},
			"faces": {
				"north": {"uv": [0, 0, 8.5, 4.25], "texture": "#2"},
				"east": {"uv": [0, 0, 2.25, 4.25], "texture": "#2"},
				"south": {"uv": [0, 0, 8.5, 4.25], "texture": "#2"},
				"west": {"uv": [0, 0, 2.25, 4.25], "texture": "#2"},
				"up": {"uv": [0, 0, 8.5, 2.25], "texture": "#2"},
				"down": {"uv": [0, 0, 8.5, 2.25], "texture": "#2"}
			}
		},
		{
			"from": [8.5, 15.5, 16.5],
			"to": [10, 18.25, 18],
			"rotation": {"angle": 22.5, "axis": "y", "origin": [1.5, 5.25, 1]},
			"faces": {
				"north": {"uv": [0, 0, 8.5, 4.25], "texture": "#2"},
				"east": {"uv": [0, 0, 2.25, 4.25], "texture": "#2"},
				"south": {"uv": [0, 0, 8.5, 4.25], "texture": "#2"},
				"west": {"uv": [0, 0, 2.25, 4.25], "texture": "#2"},
				"up": {"uv": [0, 0, 8.5, 2.25], "texture": "#2"},
				"down": {"uv": [0, 0, 8.5, 2.25], "texture": "#2"}
			}
		},
		{
			"from": [8.75, 18.25, 16.75],
			"to": [9.75, 21, 17.75],
			"rotation": {"angle": 22.5, "axis": "y", "origin": [1.5, 5.25, 1]},
			"faces": {
				"north": {"uv": [0, 0, 8.5, 4.25], "texture": "#2"},
				"east": {"uv": [0, 0, 2.25, 4.25], "texture": "#2"},
				"south": {"uv": [0, 0, 8.5, 4.25], "texture": "#2"},
				"west": {"uv": [0, 0, 2.25, 4.25], "texture": "#2"},
				"up": {"uv": [0, 0, 8.5, 2.25], "texture": "#2"},
				"down": {"uv": [0, 0, 8.5, 2.25], "texture": "#2"}
			}
		},
		{
			"from": [9, 21, 17],
			"to": [9.5, 23.75, 17.5],
			"rotation": {"angle": 22.5, "axis": "y", "origin": [1.5, 5.25, 1]},
			"faces": {
				"north": {"uv": [0, 0, 8.5, 4.25], "texture": "#8"},
				"east": {"uv": [0, 0, 2.25, 4.25], "texture": "#8"},
				"south": {"uv": [0, 0, 8.5, 4.25], "texture": "#8"},
				"west": {"uv": [0, 0, 2.25, 4.25], "texture": "#8"},
				"up": {"uv": [0, 0, 8.5, 2.25], "texture": "#8"},
				"down": {"uv": [0, 0, 8.5, 2.25], "texture": "#8"}
			}
		},
		{
			"from": [2.5, 12.75, 2.5],
			"to": [4.5, 15.5, 4.5],
			"rotation": {"angle": 22.5, "axis": "y", "origin": [1.5, 5.25, 1]},
			"faces": {
				"north": {"uv": [0, 0, 8.5, 4.25], "texture": "#2"},
				"east": {"uv": [0, 0, 2.25, 4.25], "texture": "#2"},
				"south": {"uv": [0, 0, 8.5, 4.25], "texture": "#2"},
				"west": {"uv": [0, 0, 2.25, 4.25], "texture": "#2"},
				"up": {"uv": [0, 0, 8.5, 2.25], "texture": "#2"},
				"down": {"uv": [0, 0, 8.5, 2.25], "texture": "#2"}
			}
		},
		{
			"from": [2.75, 15.5, 2.75],
			"to": [4.25, 18.25, 4.25],
			"rotation": {"angle": 22.5, "axis": "y", "origin": [1.5, 5.25, 1]},
			"faces": {
				"north": {"uv": [0, 0, 8.5, 4.25], "texture": "#2"},
				"east": {"uv": [0, 0, 2.25, 4.25], "texture": "#2"},
				"south": {"uv": [0, 0, 8.5, 4.25], "texture": "#2"},
				"west": {"uv": [0, 0, 2.25, 4.25], "texture": "#2"},
				"up": {"uv": [0, 0, 8.5, 2.25], "texture": "#2"},
				"down": {"uv": [0, 0, 8.5, 2.25], "texture": "#2"}
			}
		},
		{
			"from": [3, 18.25, 3],
			"to": [4, 21, 4],
			"rotation": {"angle": 22.5, "axis": "y", "origin": [1.5, 5.25, 1]},
			"faces": {
				"north": {"uv": [0, 0, 8.5, 4.25], "texture": "#2"},
				"east": {"uv": [0, 0, 2.25, 4.25], "texture": "#2"},
				"south": {"uv": [0, 0, 8.5, 4.25], "texture": "#2"},
				"west": {"uv": [0, 0, 2.25, 4.25], "texture": "#2"},
				"up": {"uv": [0, 0, 8.5, 2.25], "texture": "#2"},
				"down": {"uv": [0, 0, 8.5, 2.25], "texture": "#2"}
			}
		},
		{
			"from": [3.25, 21, 3.25],
			"to": [3.75, 23.75, 3.75],
			"rotation": {"angle": 22.5, "axis": "y", "origin": [1.5, 5.25, 1]},
			"faces": {
				"north": {"uv": [0, 0, 8.5, 4.25], "texture": "#8"},
				"east": {"uv": [0, 0, 2.25, 4.25], "texture": "#8"},
				"south": {"uv": [0, 0, 8.5, 4.25], "texture": "#8"},
				"west": {"uv": [0, 0, 2.25, 4.25], "texture": "#8"},
				"up": {"uv": [0, 0, 8.5, 2.25], "texture": "#8"},
				"down": {"uv": [0, 0, 8.5, 2.25], "texture": "#8"}
			}
		},
		{
			"from": [9, 15.25, 18],
			"to": [10, 18, 19.25],
			"rotation": {"angle": -22.5, "axis": "x", "origin": [1.5, 5.25, 1]},
			"faces": {
				"north": {"uv": [0, 0, 8.5, 4.25], "texture": "#8"},
				"east": {"uv": [0, 0, 2.25, 4.25], "texture": "#8"},
				"south": {"uv": [0, 0, 8.5, 4.25], "texture": "#8"},
				"west": {"uv": [0, 0, 2.25, 4.25], "texture": "#8"},
				"up": {"uv": [0, 0, 8.5, 2.25], "texture": "#8"},
				"down": {"uv": [0, 0, 8.5, 2.25], "texture": "#8"}
			}
		},
		{
			"from": [15.25, 8.75, 6.25],
			"to": [17.75, 16, 9],
			"rotation": {"angle": 0, "axis": "y", "origin": [1.5, 5.25, 1]},
			"faces": {
				"north": {"uv": [0, 0, 8.5, 4.25], "texture": "#2"},
				"east": {"uv": [0, 0, 2.25, 4.25], "texture": "#2"},
				"south": {"uv": [0, 0, 8.5, 4.25], "texture": "#2"},
				"west": {"uv": [0, 0, 2.25, 4.25], "texture": "#2"},
				"up": {"uv": [0, 0, 8.5, 2.25], "texture": "#2"},
				"down": {"uv": [0, 0, 8.5, 2.25], "texture": "#2"}
			}
		},
		{
			"from": [15.75, 16, 6.5],
			"to": [17.25, 19.25, 8.75],
			"rotation": {"angle": 0, "axis": "y", "origin": [1.5, 5.25, 1]},
			"faces": {
				"north": {"uv": [0, 0, 8.5, 4.25], "texture": "#2"},
				"east": {"uv": [0, 0, 2.25, 4.25], "texture": "#2"},
				"south": {"uv": [0, 0, 8.5, 4.25], "texture": "#2"},
				"west": {"uv": [0, 0, 2.25, 4.25], "texture": "#2"},
				"up": {"uv": [0, 0, 8.5, 2.25], "texture": "#2"},
				"down": {"uv": [0, 0, 8.5, 2.25], "texture": "#2"}
			}
		},
		{
			"from": [16, 19, 6.75],
			"to": [17, 21.75, 8.5],
			"rotation": {"angle": 0, "axis": "y", "origin": [1.5, 5.25, 1]},
			"faces": {
				"north": {"uv": [0, 0, 8.5, 4.25], "texture": "#8"},
				"east": {"uv": [0, 0, 2.25, 4.25], "texture": "#8"},
				"south": {"uv": [0, 0, 8.5, 4.25], "texture": "#8"},
				"west": {"uv": [0, 0, 2.25, 4.25], "texture": "#8"},
				"up": {"uv": [0, 0, 8.5, 2.25], "texture": "#8"},
				"down": {"uv": [0, 0, 8.5, 2.25], "texture": "#8"}
			}
		},
		{
			"from": [21.5, 14.5, 7],
			"to": [22, 17.25, 8.25],
			"rotation": {"angle": 22.5, "axis": "z", "origin": [1.5, 5.25, 1]},
			"faces": {
				"north": {"uv": [0, 0, 8.5, 4.25], "texture": "#8"},
				"east": {"uv": [0, 0, 2.25, 4.25], "texture": "#8"},
				"south": {"uv": [0, 0, 8.5, 4.25], "texture": "#8"},
				"west": {"uv": [0, 0, 2.25, 4.25], "texture": "#8"},
				"up": {"uv": [0, 0, 8.5, 2.25], "texture": "#8"},
				"down": {"uv": [0, 0, 8.5, 2.25], "texture": "#8"}
			}
		},
		{
			"from": [1.25, 8.75, 6.25],
			"to": [3.75, 16, 9],
			"rotation": {"angle": 0, "axis": "y", "origin": [1.5, 5.25, 1]},
			"faces": {
				"north": {"uv": [0, 0, 8.5, 4.25], "texture": "#2"},
				"east": {"uv": [0, 0, 2.25, 4.25], "texture": "#2"},
				"south": {"uv": [0, 0, 8.5, 4.25], "texture": "#2"},
				"west": {"uv": [0, 0, 2.25, 4.25], "texture": "#2"},
				"up": {"uv": [0, 0, 8.5, 2.25], "texture": "#2"},
				"down": {"uv": [0, 0, 8.5, 2.25], "texture": "#2"}
			}
		},
		{
			"from": [1.75, 16, 6.5],
			"to": [3.25, 19.25, 8.75],
			"rotation": {"angle": 0, "axis": "y", "origin": [1.5, 5.25, 1]},
			"faces": {
				"north": {"uv": [0, 0, 8.5, 4.25], "texture": "#2"},
				"east": {"uv": [0, 0, 2.25, 4.25], "texture": "#2"},
				"south": {"uv": [0, 0, 8.5, 4.25], "texture": "#2"},
				"west": {"uv": [0, 0, 2.25, 4.25], "texture": "#2"},
				"up": {"uv": [0, 0, 8.5, 2.25], "texture": "#2"},
				"down": {"uv": [0, 0, 8.5, 2.25], "texture": "#2"}
			}
		},
		{
			"from": [2, 19, 6.75],
			"to": [3, 21.75, 8.5],
			"rotation": {"angle": 0, "axis": "y", "origin": [1.5, 5.25, 1]},
			"faces": {
				"north": {"uv": [0, 0, 8.5, 4.25], "texture": "#8"},
				"east": {"uv": [0, 0, 2.25, 4.25], "texture": "#8"},
				"south": {"uv": [0, 0, 8.5, 4.25], "texture": "#8"},
				"west": {"uv": [0, 0, 2.25, 4.25], "texture": "#8"},
				"up": {"uv": [0, 0, 8.5, 2.25], "texture": "#8"},
				"down": {"uv": [0, 0, 8.5, 2.25], "texture": "#8"}
			}
		},
		{
			"from": [-4.25, 20.5, 7],
			"to": [-3.75, 23.25, 8.25],
			"rotation": {"angle": -22.5, "axis": "z", "origin": [1.5, 5.25, 1]},
			"faces": {
				"north": {"uv": [0, 0, 8.5, 4.25], "texture": "#8"},
				"east": {"uv": [0, 0, 2.25, 4.25], "texture": "#8"},
				"south": {"uv": [0, 0, 8.5, 4.25], "texture": "#8"},
				"west": {"uv": [0, 0, 2.25, 4.25], "texture": "#8"},
				"up": {"uv": [0, 0, 8.5, 2.25], "texture": "#8"},
				"down": {"uv": [0, 0, 8.5, 2.25], "texture": "#8"}
			}
		},
		{
			"from": [9, 20.5, -4.75],
			"to": [10, 23.25, -3.5],
			"rotation": {"angle": 22.5, "axis": "x", "origin": [1.5, 5.25, 1]},
			"faces": {
				"north": {"uv": [0, 0, 8.5, 4.25], "texture": "#8"},
				"east": {"uv": [0, 0, 2.25, 4.25], "texture": "#8"},
				"south": {"uv": [0, 0, 8.5, 4.25], "texture": "#8"},
				"west": {"uv": [0, 0, 2.25, 4.25], "texture": "#8"},
				"up": {"uv": [0, 0, 8.5, 2.25], "texture": "#8"},
				"down": {"uv": [0, 0, 8.5, 2.25], "texture": "#8"}
			}
		},
		{
			"from": [8.75, 19, 1.5],
			"to": [10.25, 21.75, 3.25],
			"rotation": {"angle": 0, "axis": "y", "origin": [1.5, 5.25, 1]},
			"faces": {
				"north": {"uv": [0, 0, 8.5, 4.25], "texture": "#8"},
				"east": {"uv": [0, 0, 2.25, 4.25], "texture": "#8"},
				"south": {"uv": [0, 0, 8.5, 4.25], "texture": "#8"},
				"west": {"uv": [0, 0, 2.25, 4.25], "texture": "#8"},
				"up": {"uv": [0, 0, 8.5, 2.25], "texture": "#8"},
				"down": {"uv": [0, 0, 8.5, 2.25], "texture": "#8"}
			}
		},
		{
			"from": [8.5, 16, 1.25],
			"to": [10.5, 19.25, 3.5],
			"rotation": {"angle": 0, "axis": "y", "origin": [1.5, 5.25, 1]},
			"faces": {
				"north": {"uv": [0, 0, 8.5, 4.25], "texture": "#2"},
				"east": {"uv": [0, 0, 2.25, 4.25], "texture": "#2"},
				"south": {"uv": [0, 0, 8.5, 4.25], "texture": "#2"},
				"west": {"uv": [0, 0, 2.25, 4.25], "texture": "#2"},
				"up": {"uv": [0, 0, 8.5, 2.25], "texture": "#2"},
				"down": {"uv": [0, 0, 8.5, 2.25], "texture": "#2"}
			}
		},
		{
			"from": [8, 8.75, 1],
			"to": [11, 16, 3.75],
			"rotation": {"angle": 0, "axis": "y", "origin": [1.5, 5.25, 1]},
			"faces": {
				"north": {"uv": [0, 0, 8.5, 4.25], "texture": "#2"},
				"east": {"uv": [0, 0, 2.25, 4.25], "texture": "#2"},
				"south": {"uv": [0, 0, 8.5, 4.25], "texture": "#2"},
				"west": {"uv": [0, 0, 2.25, 4.25], "texture": "#2"},
				"up": {"uv": [0, 0, 8.5, 2.25], "texture": "#2"},
				"down": {"uv": [0, 0, 8.5, 2.25], "texture": "#2"}
			}
		},
		{
			"from": [5.59739, 8.5, 1.43149],
			"to": [7.84739, 12.75, 3.93149],
			"rotation": {"angle": 45, "axis": "y", "origin": [12.34739, 5.25, -8.31851]},
			"faces": {
				"north": {"uv": [0, 0, 2.25, 4.25], "texture": "#2"},
				"east": {"uv": [0, 0, 2.5, 4.25], "texture": "#2"},
				"south": {"uv": [0, 0, 2.25, 4.25], "texture": "#2"},
				"west": {"uv": [0, 0, 2.5, 4.25], "texture": "#2"},
				"up": {"uv": [0, 0, 2.5, 2.25], "rotation": 90, "texture": "#2"},
				"down": {"uv": [0, 0, 2.5, 2.25], "rotation": 270, "texture": "#2"}
			}
		},
		{
			"from": [16.06201, 8.5, -1.82221],
			"to": [18.56201, 12.75, 0.42779],
			"rotation": {"angle": -22.5, "axis": "y", "origin": [8.31201, 5.25, -6.32221]},
			"faces": {
				"north": {"uv": [0, 0, 2.5, 4.25], "texture": "#2"},
				"east": {"uv": [0, 0, 2.25, 4.25], "texture": "#2"},
				"south": {"uv": [0, 0, 2.5, 4.25], "texture": "#2"},
				"west": {"uv": [0, 0, 2.25, 4.25], "texture": "#2"},
				"up": {"uv": [0, 0, 2.5, 2.25], "texture": "#2"},
				"down": {"uv": [0, 0, 2.5, 2.25], "texture": "#2"}
			}
		},
		{
			"from": [5.25, 8.5, 0.80105],
			"to": [13.75, 12.75, 3.05105],
			"rotation": {"angle": 0, "axis": "y", "origin": [1.5, 5.25, -10.69895]},
			"faces": {
				"north": {"uv": [0, 0, 8.5, 4.25], "texture": "#2"},
				"east": {"uv": [0, 0, 2.25, 4.25], "texture": "#2"},
				"south": {"uv": [0, 0, 8.5, 4.25], "texture": "#2"},
				"west": {"uv": [0, 0, 2.25, 4.25], "texture": "#2"},
				"up": {"uv": [0, 0, 8.5, 2.25], "texture": "#2"},
				"down": {"uv": [0, 0, 8.5, 2.25], "texture": "#2"}
			}
		},
		{
			"from": [0.75, 12.5, 0.25],
			"to": [1.5, 15.5, 3.25],
			"rotation": {"angle": 45, "axis": "x", "origin": [-16.5, 5.25, 1]},
			"faces": {
				"north": {"uv": [0, 0, 2.25, 2.5], "rotation": 180, "texture": "#9"},
				"east": {"uv": [0, 0, 15, 15], "rotation": 180, "texture": "#9"},
				"south": {"uv": [0, 0, 15, 15], "rotation": 180, "texture": "#9"},
				"west": {"uv": [0, 0, 15, 15], "rotation": 180, "texture": "#9"},
				"up": {"uv": [0, 0, 2.5, 2.25], "rotation": 90, "texture": "#9"},
				"down": {"uv": [0, 0, 2.5, 2.25], "rotation": 270, "texture": "#9"}
			}
		},
		{
			"from": [9.42058, 8.5, 18.23453],
			"to": [11.92058, 12.75, 20.48453],
			"rotation": {"angle": 22.5, "axis": "y", "origin": [-2.82942, 5.25, 6.73453]},
			"faces": {
				"north": {"uv": [0, 0, 2.5, 4.25], "texture": "#2"},
				"east": {"uv": [0, 0, 2.25, 4.25], "texture": "#2"},
				"south": {"uv": [0, 0, 2.5, 4.25], "texture": "#2"},
				"west": {"uv": [0, 0, 2.25, 4.25], "texture": "#2"},
				"up": {"uv": [0, 0, 2.5, 2.25], "texture": "#2"},
				"down": {"uv": [0, 0, 2.5, 2.25], "texture": "#2"}
			}
		},
		{
			"from": [9.92058, 9.25, 20.23453],
			"to": [11.92058, 11.25, 20.73453],
			"rotation": {"angle": 22.5, "axis": "y", "origin": [-2.82942, 6, 6.73453]},
			"faces": {
				"north": {"uv": [0, 0, 6, 6], "texture": "#8"},
				"east": {"uv": [0, 0, 0.5, 2], "texture": "#8"},
				"south": {"uv": [0, 0, 15, 15], "texture": "#8"},
				"west": {"uv": [0, 0, 15, 15], "texture": "#8"},
				"up": {"uv": [0, 0, 2, 0.5], "texture": "#8"},
				"down": {"uv": [0, 0, 2, 0.5], "texture": "#8"}
			}
		},
		{
			"from": [10.17058, 9.5, 20.73453],
			"to": [11.67058, 11, 20.98453],
			"rotation": {"angle": 22.5, "axis": "y", "origin": [-2.82942, 6, 6.73453]},
			"faces": {
				"north": {"uv": [0, 0, 16, 16], "texture": "#14"},
				"east": {"uv": [0, 0, 16, 16], "texture": "#14"},
				"south": {"uv": [0, 0, 16, 16], "texture": "#14"},
				"west": {"uv": [0, 0, 16, 16], "texture": "#14"},
				"up": {"uv": [0, 0, 16, 16], "texture": "#14"},
				"down": {"uv": [0, 0, 16, 16], "texture": "#14"}
			}
		},
		{
			"from": [10.8036, 8.5, 26.35395],
			"to": [13.3036, 12.75, 28.60395],
			"rotation": {"angle": 45, "axis": "y", "origin": [-4.4464, 5.25, 14.85395]},
			"faces": {
				"north": {"uv": [0, 0, 2.5, 4.25], "texture": "#2"},
				"east": {"uv": [0, 0, 2.25, 4.25], "texture": "#2"},
				"south": {"uv": [0, 0, 2.5, 4.25], "texture": "#2"},
				"west": {"uv": [0, 0, 2.25, 4.25], "texture": "#2"},
				"up": {"uv": [0, 0, 2.5, 2.25], "texture": "#2"},
				"down": {"uv": [0, 0, 2.5, 2.25], "texture": "#2"}
			}
		},
		{
			"from": [8.29735, 8.5, 12.11159],
			"to": [10.79735, 12.75, 14.36159],
			"rotation": {"angle": -22.5, "axis": "y", "origin": [7.04735, 5.25, 0.61159]},
			"faces": {
				"north": {"uv": [0, 0, 2.5, 4.25], "texture": "#2"},
				"east": {"uv": [0, 0, 2.25, 4.25], "texture": "#2"},
				"south": {"uv": [0, 0, 2.5, 4.25], "texture": "#2"},
				"west": {"uv": [0, 0, 2.25, 4.25], "texture": "#2"},
				"up": {"uv": [0, 0, 2.5, 2.25], "texture": "#2"},
				"down": {"uv": [0, 0, 2.5, 2.25], "texture": "#2"}
			}
		},
		{
			"from": [8.54735, 9.25, 14.11159],
			"to": [10.79735, 11.5, 14.61159],
			"rotation": {"angle": -22.5, "axis": "y", "origin": [7.04735, 6, 0.61159]},
			"faces": {
				"north": {"uv": [0, 0, 6, 6], "texture": "#8"},
				"east": {"uv": [0, 0, 0.5, 2.25], "texture": "#8"},
				"south": {"uv": [0, 0, 15, 15], "texture": "#8"},
				"west": {"uv": [0, 0, 15, 15], "texture": "#8"},
				"up": {"uv": [0, 0, 2.25, 0.5], "texture": "#8"},
				"down": {"uv": [0, 0, 2.25, 0.5], "texture": "#8"}
			}
		},
		{
			"from": [8.79735, 9.5, 14.61159],
			"to": [10.54735, 11.25, 15.11159],
			"rotation": {"angle": -22.5, "axis": "y", "origin": [7.04735, 6, 0.61159]},
			"faces": {
				"north": {"uv": [0, 0, 16, 16], "texture": "#14"},
				"east": {"uv": [0, 0, 16, 16], "texture": "#14"},
				"south": {"uv": [0, 0, 16, 16], "texture": "#14"},
				"west": {"uv": [0, 0, 16, 16], "texture": "#14"},
				"up": {"uv": [0, 0, 16, 16], "texture": "#14"},
				"down": {"uv": [0, 0, 16, 16], "texture": "#14"}
			}
		},
		{
			"from": [9.7969, 8.5, 16.45446],
			"to": [12.2969, 12.75, 18.70446],
			"rotation": {"angle": -45, "axis": "y", "origin": [13.5469, 5.25, 4.95446]},
			"faces": {
				"north": {"uv": [0, 0, 2.5, 4.25], "texture": "#2"},
				"east": {"uv": [0, 0, 2.25, 4.25], "texture": "#2"},
				"south": {"uv": [0, 0, 2.5, 4.25], "texture": "#2"},
				"west": {"uv": [0, 0, 2.25, 4.25], "texture": "#2"},
				"up": {"uv": [0, 0, 2.5, 2.25], "texture": "#2"},
				"down": {"uv": [0, 0, 2.5, 2.25], "texture": "#2"}
			}
		},
		{
			"from": [-10.10259, 8.5, 7.74609],
			"to": [-7.85259, 12.75, 10.24609],
			"rotation": {"angle": -45, "axis": "y", "origin": [3.64741, 5.25, 20.49609]},
			"faces": {
				"north": {"uv": [0, 0, 2.25, 4.25], "texture": "#2"},
				"east": {"uv": [0, 0, 2.5, 4.25], "texture": "#2"},
				"south": {"uv": [0, 0, 2.25, 4.25], "texture": "#2"},
				"west": {"uv": [0, 0, 2.5, 4.25], "texture": "#2"},
				"up": {"uv": [0, 0, 2.5, 2.25], "rotation": 90, "texture": "#2"},
				"down": {"uv": [0, 0, 2.5, 2.25], "rotation": 270, "texture": "#2"}
			}
		},
		{
			"from": [9.51528, 8.5, 7.31239],
			"to": [12.01528, 12.75, 9.56239],
			"rotation": {"angle": 22.5, "axis": "y", "origin": [-7.73472, 5.25, 21.06239]},
			"faces": {
				"north": {"uv": [0, 0, 2.5, 4.25], "texture": "#2"},
				"east": {"uv": [0, 0, 2.25, 4.25], "texture": "#2"},
				"south": {"uv": [0, 0, 2.5, 4.25], "texture": "#2"},
				"west": {"uv": [0, 0, 2.25, 4.25], "texture": "#2"},
				"up": {"uv": [0, 0, 2.5, 2.25], "rotation": 180, "texture": "#2"},
				"down": {"uv": [0, 0, 2.5, 2.25], "rotation": 180, "texture": "#2"}
			}
		}
	],
	"display": {
		"thirdperson_righthand": {
			"rotation": [-147.75, 0, -163.25],
			"translation": [0, 0, -3.25],
			"scale": [0.69727, 0.69727, 0.78516]
		},
		"firstperson_righthand": {
			"translation": [6, 0, 0]
		},
		"firstperson_lefthand": {
			"translation": [11.25, 0, 0]
		},
		"ground": {
			"scale": [0.80078, 1, 1]
		},
		"head": {
			"rotation": [0, -180, 0],
			"translation": [1.5, 3.75, 0],
			"scale": [1.09375, 1.16016, 1.27149]
		},
		"fixed": {
			"rotation": [0, -180, 0]
		}
	}
}