{
"parent": "item/generated",
"textures": {
"layer0": "item/trident"
},

"overrides": [
{"predicate": {"custom_model_data":1234561}, "model": "johnpaulinsotrident/water_trident"},
{"predicate": {"custom_model_data":1234562}, "model": "johnpaulinsotrident/fire_trident"},
{"predicate": {"custom_model_data":1234563}, "model": "johnpaulinsotrident/earth_trident"},
{"predicate": {"custom_model_data":1234564}, "model": "johnpaulinsotrident/air_trident"},
{"predicate": {"custom_model_data":1234565}, "model": "johnpaulinsotrident/lightning_trident"},
{"predicate": {"custom_model_data":1234566}, "model": "johnpaulinsotrident/ice_trident"},
{"predicate": {"custom_model_data":1234567}, "model": "johnpaulinsotrident/light_trident"},
{"predicate": {"custom_model_data":1234568}, "model": "johnpaulinsotrident/dark_trident"},
{"predicate": {"custom_model_data":1234569}, "model": "johnpaulinsotrident/elemental_trident"}

]
}