{
	"credit": "Made with Blockbench",
	"textures": {
		"0": "block/tnt_side",
		"1": "block/tnt_top",
		"2": "block/blackstone",
		"3": "block/chiseled_polished_blackstone",
		"4": "block/gilded_blackstone",
		"5": "block/deepslate_emerald_ore",
		"6": "block/deepslate_redstone_ore",
		"7": "block/redstone_block",
		"8": "mob_effect/poison",
		"9": "block/emerald_block",
		"10": "block/fire_coral",
		"particle": "block/tnt_side"
	},
	"elements": [
		{
			"from": [15.57747, 8.5, 3.52552],
			"to": [17.82747, 12.75, 12.02552],
			"rotation": {"angle": 0, "axis": "y", "origin": [16.07747, 5.25, 15.77552]},
			"faces": {
				"north": {"uv": [0, 0, 2.25, 4.25], "texture": "#2"},
				"east": {"uv": [0, 0, 8.5, 4.25], "texture": "#2"},
				"south": {"uv": [0, 0, 2.25, 4.25], "texture": "#2"},
				"west": {"uv": [0, 0, 8.5, 4.25], "texture": "#2"},
				"up": {"uv": [0, 0, 9.5, 3.5], "rotation": 270, "texture": "#2"},
				"down": {"uv": [0, 0, 8.5, 2.25], "rotation": 90, "texture": "#2"}
			}
		},
		{
			"from": [1.17253, 8.5, 3.52552],
			"to": [3.42253, 12.75, 12.02552],
			"rotation": {"angle": 0, "axis": "y", "origin": [15.67253, 5.25, 15.77552]},
			"faces": {
				"north": {"uv": [0, 0, 2.25, 4.25], "texture": "#2"},
				"east": {"uv": [0, 0, 8.5, 4.25], "texture": "#2"},
				"south": {"uv": [0, 0, 2.25, 4.25], "texture": "#2"},
				"west": {"uv": [0, 0, 8.5, 4.25], "texture": "#2"},
				"up": {"uv": [0, 0, 9.5, 3.5], "rotation": 270, "texture": "#2"},
				"down": {"uv": [0, 0, 8.5, 2.25], "rotation": 90, "texture": "#2"}
			}
		},
		{
			"from": [5.25, 8.5, 12.5],
			"to": [13.75, 12.75, 14.75],
			"rotation": {"angle": 0, "axis": "y", "origin": [1.5, 5.25, 1]},
			"faces": {
				"north": {"uv": [0, 0, 8.5, 4.25], "texture": "#2"},
				"east": {"uv": [0, 0, 2.25, 4.25], "texture": "#2"},
				"south": {"uv": [0, 0, 8.5, 4.25], "texture": "#2"},
				"west": {"uv": [0, 0, 2.25, 4.25], "texture": "#2"},
				"up": {"uv": [0, 0, 9.5, 3.5], "texture": "#2"},
				"down": {"uv": [0, 0, 8.5, 2.25], "texture": "#2"}
			}
		},
		{
			"from": [15.5, 8.75, 6.25],
			"to": [17.75, 16, 8.5],
			"rotation": {"angle": 0, "axis": "y", "origin": [1.5, 5.25, 1]},
			"faces": {
				"north": {"uv": [0, 0, 16, 15], "texture": "#4"},
				"east": {"uv": [0, 0, 16, 15.25], "texture": "#4"},
				"south": {"uv": [0, 0, 16, 15.25], "texture": "#4"},
				"west": {"uv": [0, 0, 16, 15], "texture": "#4"},
				"up": {"uv": [0, 0, 16, 15.25], "texture": "#4"},
				"down": {"uv": [0, 0, 16, 15], "texture": "#4"}
			}
		},
		{
			"from": [16, 16, 6.75],
			"to": [17.25, 19.25, 8],
			"rotation": {"angle": 0, "axis": "y", "origin": [1.5, 5.25, 1]},
			"faces": {
				"north": {"uv": [0, 0, 8.5, 4], "texture": "#2"},
				"east": {"uv": [0, 0, 8.25, 4.25], "texture": "#2"},
				"south": {"uv": [0, 0, 8.5, 4.25], "texture": "#2"},
				"west": {"uv": [0, 0, 9.25, 4.25], "texture": "#2"},
				"up": {"uv": [0, 0, 8.5, 2.25], "texture": "#2"},
				"down": {"uv": [0, 0, 8.5, 2.25], "texture": "#2"}
			}
		},
		{
			"from": [16.25, 19.25, 7],
			"to": [17, 21.25, 7.75],
			"rotation": {"angle": 0, "axis": "y", "origin": [1.5, 5.25, 1]},
			"faces": {
				"north": {"uv": [0, 0, 8.5, 4.25], "texture": "#7"},
				"east": {"uv": [0, 0, 2.25, 4.25], "texture": "#7"},
				"south": {"uv": [0, 0, 8.5, 4.25], "texture": "#7"},
				"west": {"uv": [0, 0, 2.25, 4.25], "texture": "#7"},
				"up": {"uv": [0, 0, 8.5, 2.25], "texture": "#7"},
				"down": {"uv": [0, 0, 8.5, 2.25], "texture": "#7"}
			}
		},
		{
			"from": [8, 8.75, 6],
			"to": [10.75, 16, 9],
			"rotation": {"angle": 0, "axis": "y", "origin": [1.5, 5.25, 1]},
			"faces": {
				"north": {"uv": [0, 0, 16, 15], "texture": "#4"},
				"east": {"uv": [0, 0, 16, 15.25], "texture": "#4"},
				"south": {"uv": [0, 0, 16, 15.25], "texture": "#4"},
				"west": {"uv": [0, 0, 16, 15], "texture": "#4"},
				"up": {"uv": [0, 0, 16, 15.25], "texture": "#4"},
				"down": {"uv": [0, 0, 16, 15], "texture": "#4"}
			}
		},
		{
			"from": [8.75, 19.25, 6.75],
			"to": [10, 21.75, 8],
			"rotation": {"angle": 0, "axis": "y", "origin": [1.5, 5.25, 1]},
			"faces": {
				"north": {"uv": [0, 0, 8.5, 4.25], "texture": "#7"},
				"east": {"uv": [0, 0, 2.25, 4.25], "texture": "#7"},
				"south": {"uv": [0, 0, 8.5, 4.25], "texture": "#7"},
				"west": {"uv": [0, 0, 2.25, 4.25], "texture": "#7"},
				"up": {"uv": [0, 0, 8.5, 2.25], "texture": "#7"},
				"down": {"uv": [0, 0, 8.5, 2.25], "texture": "#7"}
			}
		},
		{
			"from": [8.5, 16, 6.5],
			"to": [10.25, 19.25, 8.25],
			"rotation": {"angle": 0, "axis": "y", "origin": [1.5, 5.25, 1]},
			"faces": {
				"north": {"uv": [0, 0, 8.5, 4.25], "texture": "#2"},
				"east": {"uv": [0, 0, 2.25, 4.25], "texture": "#2"},
				"south": {"uv": [0, 0, 8.5, 4.25], "texture": "#2"},
				"west": {"uv": [0, 0, 2.25, 4.25], "texture": "#2"},
				"up": {"uv": [0, 0, 8.5, 2.25], "texture": "#2"},
				"down": {"uv": [0, 0, 8.5, 2.25], "texture": "#2"}
			}
		},
		{
			"from": [1.25, 8.75, 6.25],
			"to": [3.5, 16, 8.5],
			"rotation": {"angle": 0, "axis": "y", "origin": [1.5, 5.25, 1]},
			"faces": {
				"north": {"uv": [0, 0, 16, 15], "texture": "#4"},
				"east": {"uv": [0, 0, 16, 15.25], "texture": "#4"},
				"south": {"uv": [0, 0, 16, 15.25], "texture": "#4"},
				"west": {"uv": [0, 0, 16, 15], "texture": "#4"},
				"up": {"uv": [0, 0, 16, 15.25], "texture": "#4"},
				"down": {"uv": [0, 0, 16, 15], "texture": "#4"}
			}
		},
		{
			"from": [1.75, 16, 6.75],
			"to": [3, 19.25, 8],
			"rotation": {"angle": 0, "axis": "y", "origin": [1.5, 5.25, 1]},
			"faces": {
				"north": {"uv": [0, 0, 8.5, 4], "texture": "#2"},
				"east": {"uv": [0, 0, 8.25, 4.25], "texture": "#2"},
				"south": {"uv": [0, 0, 8.5, 4.25], "texture": "#2"},
				"west": {"uv": [0, 0, 9.25, 4.25], "texture": "#2"},
				"up": {"uv": [0, 0, 8.5, 2.25], "texture": "#2"},
				"down": {"uv": [0, 0, 8.5, 2.25], "texture": "#2"}
			}
		},
		{
			"from": [2, 19.25, 7],
			"to": [2.75, 21.25, 7.75],
			"rotation": {"angle": 0, "axis": "y", "origin": [1.5, 5.25, 1]},
			"faces": {
				"north": {"uv": [0, 0, 8.5, 4.25], "texture": "#7"},
				"east": {"uv": [0, 0, 2.25, 4.25], "texture": "#7"},
				"south": {"uv": [0, 0, 8.5, 4.25], "texture": "#7"},
				"west": {"uv": [0, 0, 2.25, 4.25], "texture": "#7"},
				"up": {"uv": [0, 0, 8.5, 2.25], "texture": "#7"},
				"down": {"uv": [0, 0, 8.5, 2.25], "texture": "#7"}
			}
		},
		{
			"from": [3, 12.75, 2.5],
			"to": [3.75, 14.75, 3.25],
			"rotation": {"angle": 0, "axis": "y", "origin": [1.5, 5.25, 1]},
			"faces": {
				"north": {"uv": [0, 0, 8.5, 4.25], "texture": "#7"},
				"east": {"uv": [0, 0, 2.25, 4.25], "texture": "#7"},
				"south": {"uv": [0, 0, 8.5, 4.25], "texture": "#7"},
				"west": {"uv": [0, 0, 2.25, 4.25], "texture": "#7"},
				"up": {"uv": [0, 0, 8.5, 2.25], "texture": "#7"},
				"down": {"uv": [0, 0, 8.5, 2.25], "texture": "#7"}
			}
		},
		{
			"from": [2.75, 12.75, 2.25],
			"to": [4, 13, 3.5],
			"rotation": {"angle": 0, "axis": "y", "origin": [1.5, 5.25, 1]},
			"faces": {
				"north": {"uv": [0, 0, 16, 16], "texture": "#9"},
				"east": {"uv": [0, 0, 16, 16], "texture": "#9"},
				"south": {"uv": [0, 0, 16, 16], "texture": "#9"},
				"west": {"uv": [0, 0, 16, 16], "texture": "#9"},
				"up": {"uv": [0, 0, 16, 16], "texture": "#9"},
				"down": {"uv": [0, 0, 16, 16], "texture": "#9"}
			}
		},
		{
			"from": [13.75, 12.75, 2.25],
			"to": [15, 13, 3.5],
			"rotation": {"angle": 0, "axis": "y", "origin": [1.5, 5.25, 1]},
			"faces": {
				"north": {"uv": [0, 0, 16, 16], "texture": "#9"},
				"east": {"uv": [0, 0, 16, 16], "texture": "#9"},
				"south": {"uv": [0, 0, 16, 16], "texture": "#9"},
				"west": {"uv": [0, 0, 16, 16], "texture": "#9"},
				"up": {"uv": [0, 0, 16, 16], "texture": "#9"},
				"down": {"uv": [0, 0, 16, 16], "texture": "#9"}
			}
		},
		{
			"from": [13.75, 12.75, 12.5],
			"to": [15, 13, 13.75],
			"rotation": {"angle": 0, "axis": "y", "origin": [1.5, 5.25, 1]},
			"faces": {
				"north": {"uv": [0, 0, 16, 16], "texture": "#9"},
				"east": {"uv": [0, 0, 16, 16], "texture": "#9"},
				"south": {"uv": [0, 0, 16, 16], "texture": "#9"},
				"west": {"uv": [0, 0, 16, 16], "texture": "#9"},
				"up": {"uv": [0, 0, 16, 16], "texture": "#9"},
				"down": {"uv": [0, 0, 16, 16], "texture": "#9"}
			}
		},
		{
			"from": [2.75, 12.75, 12.5],
			"to": [4, 13, 13.75],
			"rotation": {"angle": 0, "axis": "y", "origin": [1.5, 5.25, 1]},
			"faces": {
				"north": {"uv": [0, 0, 16, 16], "texture": "#9"},
				"east": {"uv": [0, 0, 16, 16], "texture": "#9"},
				"south": {"uv": [0, 0, 16, 16], "texture": "#9"},
				"west": {"uv": [0, 0, 16, 16], "texture": "#9"},
				"up": {"uv": [0, 0, 16, 16], "texture": "#9"},
				"down": {"uv": [0, 0, 16, 16], "texture": "#9"}
			}
		},
		{
			"from": [3.25, 14.75, 2.75],
			"to": [3.5, 15.75, 3],
			"rotation": {"angle": 0, "axis": "y", "origin": [1.5, 5.25, 1]},
			"faces": {
				"north": {"uv": [0, 0, 8.5, 4.25], "texture": "#7"},
				"east": {"uv": [0, 0, 2.25, 4.25], "texture": "#7"},
				"south": {"uv": [0, 0, 8.5, 4.25], "texture": "#7"},
				"west": {"uv": [0, 0, 2.25, 4.25], "texture": "#7"},
				"up": {"uv": [0, 0, 8.5, 2.25], "texture": "#7"},
				"down": {"uv": [0, 0, 8.5, 2.25], "texture": "#7"}
			}
		},
		{
			"from": [14.25, 14.75, 2.75],
			"to": [14.5, 15.75, 3],
			"rotation": {"angle": 0, "axis": "y", "origin": [1.5, 5.25, 1]},
			"faces": {
				"north": {"uv": [0, 0, 8.5, 4.25], "texture": "#7"},
				"east": {"uv": [0, 0, 2.25, 4.25], "texture": "#7"},
				"south": {"uv": [0, 0, 8.5, 4.25], "texture": "#7"},
				"west": {"uv": [0, 0, 2.25, 4.25], "texture": "#7"},
				"up": {"uv": [0, 0, 8.5, 2.25], "texture": "#7"},
				"down": {"uv": [0, 0, 8.5, 2.25], "texture": "#7"}
			}
		},
		{
			"from": [3.25, 14.75, 13],
			"to": [3.5, 15.75, 13.25],
			"rotation": {"angle": 0, "axis": "y", "origin": [1.5, 5.25, 1]},
			"faces": {
				"north": {"uv": [0, 0, 8.5, 4.25], "texture": "#7"},
				"east": {"uv": [0, 0, 2.25, 4.25], "texture": "#7"},
				"south": {"uv": [0, 0, 8.5, 4.25], "texture": "#7"},
				"west": {"uv": [0, 0, 2.25, 4.25], "texture": "#7"},
				"up": {"uv": [0, 0, 8.5, 2.25], "texture": "#7"},
				"down": {"uv": [0, 0, 8.5, 2.25], "texture": "#7"}
			}
		},
		{
			"from": [14.25, 14.75, 13],
			"to": [14.5, 15.75, 13.25],
			"rotation": {"angle": 0, "axis": "y", "origin": [1.5, 5.25, 1]},
			"faces": {
				"north": {"uv": [0, 0, 8.5, 4.25], "texture": "#7"},
				"east": {"uv": [0, 0, 2.25, 4.25], "texture": "#7"},
				"south": {"uv": [0, 0, 8.5, 4.25], "texture": "#7"},
				"west": {"uv": [0, 0, 2.25, 4.25], "texture": "#7"},
				"up": {"uv": [0, 0, 8.5, 2.25], "texture": "#7"},
				"down": {"uv": [0, 0, 8.5, 2.25], "texture": "#7"}
			}
		},
		{
			"from": [3, 12.75, 12.75],
			"to": [3.75, 14.75, 13.5],
			"rotation": {"angle": 0, "axis": "y", "origin": [1.5, 5.25, 1]},
			"faces": {
				"north": {"uv": [0, 0, 8.5, 4.25], "texture": "#7"},
				"east": {"uv": [0, 0, 2.25, 4.25], "texture": "#7"},
				"south": {"uv": [0, 0, 8.5, 4.25], "texture": "#7"},
				"west": {"uv": [0, 0, 2.25, 4.25], "texture": "#7"},
				"up": {"uv": [0, 0, 8.5, 2.25], "texture": "#7"},
				"down": {"uv": [0, 0, 8.5, 2.25], "texture": "#7"}
			}
		},
		{
			"from": [14, 12.75, 12.75],
			"to": [14.75, 14.75, 13.5],
			"rotation": {"angle": 0, "axis": "y", "origin": [1.5, 5.25, 1]},
			"faces": {
				"north": {"uv": [0, 0, 8.5, 4.25], "texture": "#7"},
				"east": {"uv": [0, 0, 2.25, 4.25], "texture": "#7"},
				"south": {"uv": [0, 0, 8.5, 4.25], "texture": "#7"},
				"west": {"uv": [0, 0, 2.25, 4.25], "texture": "#7"},
				"up": {"uv": [0, 0, 8.5, 2.25], "texture": "#7"},
				"down": {"uv": [0, 0, 8.5, 2.25], "texture": "#7"}
			}
		},
		{
			"from": [14, 12.75, 2.5],
			"to": [14.75, 14.75, 3.25],
			"rotation": {"angle": 0, "axis": "y", "origin": [1.5, 5.25, 1]},
			"faces": {
				"north": {"uv": [0, 0, 8.5, 4.25], "texture": "#7"},
				"east": {"uv": [0, 0, 2.25, 4.25], "texture": "#7"},
				"south": {"uv": [0, 0, 8.5, 4.25], "texture": "#7"},
				"west": {"uv": [0, 0, 2.25, 4.25], "texture": "#7"},
				"up": {"uv": [0, 0, 8.5, 2.25], "texture": "#7"},
				"down": {"uv": [0, 0, 8.5, 2.25], "texture": "#7"}
			}
		},
		{
			"from": [8.25, 8.75, 12.25],
			"to": [10.5, 16, 14.5],
			"rotation": {"angle": 0, "axis": "y", "origin": [1.5, 5.25, 1]},
			"faces": {
				"north": {"uv": [0, 0, 16, 15], "texture": "#4"},
				"east": {"uv": [0, 0, 16, 15.25], "texture": "#4"},
				"south": {"uv": [0, 0, 16, 15.25], "texture": "#4"},
				"west": {"uv": [0, 0, 16, 15], "texture": "#4"},
				"up": {"uv": [0, 0, 16, 15.25], "texture": "#4"},
				"down": {"uv": [0, 0, 16, 15], "texture": "#4"}
			}
		},
		{
			"from": [8.25, 9.75, 9],
			"to": [10.5, 12, 12.25],
			"rotation": {"angle": 0, "axis": "y", "origin": [1.5, 5.25, 1]},
			"faces": {
				"north": {"uv": [0, 0, 8.5, 4.25], "texture": "#4"},
				"east": {"uv": [0, 0, 2.25, 4.25], "texture": "#4"},
				"south": {"uv": [0, 0, 8.5, 4.25], "texture": "#4"},
				"west": {"uv": [0, 0, 2.25, 4.25], "texture": "#4"},
				"up": {"uv": [0, 0, 8.5, 2.25], "texture": "#4"},
				"down": {"uv": [0, 0, 8.5, 2.25], "texture": "#4"}
			}
		},
		{
			"from": [8.25, 9.75, 3],
			"to": [10.5, 12, 6.25],
			"rotation": {"angle": 0, "axis": "y", "origin": [1.5, 5.25, 1]},
			"faces": {
				"north": {"uv": [0, 0, 8.5, 4.25], "texture": "#4"},
				"east": {"uv": [0, 0, 2.25, 4.25], "texture": "#4"},
				"south": {"uv": [0, 0, 8.5, 4.25], "texture": "#4"},
				"west": {"uv": [0, 0, 2.25, 4.25], "texture": "#4"},
				"up": {"uv": [0, 0, 8.5, 2.25], "texture": "#4"},
				"down": {"uv": [0, 0, 8.5, 2.25], "texture": "#4"}
			}
		},
		{
			"from": [3.25, 9.75, 6.25],
			"to": [8.5, 12, 8.5],
			"rotation": {"angle": 0, "axis": "y", "origin": [1.5, 5.25, 1]},
			"faces": {
				"north": {"uv": [0, 0, 8.5, 4.25], "texture": "#4"},
				"east": {"uv": [0, 0, 2.25, 4.25], "texture": "#4"},
				"south": {"uv": [0, 0, 8.5, 4.25], "texture": "#4"},
				"west": {"uv": [0, 0, 2.25, 4.25], "texture": "#4"},
				"up": {"uv": [0, 0, 8.5, 2.25], "texture": "#4"},
				"down": {"uv": [0, 0, 8.5, 2.25], "texture": "#4"}
			}
		},
		{
			"from": [10.25, 9.75, 6.25],
			"to": [15.5, 12, 8.5],
			"rotation": {"angle": 0, "axis": "y", "origin": [1.5, 5.25, 1]},
			"faces": {
				"north": {"uv": [0, 0, 8.5, 4.25], "texture": "#4"},
				"east": {"uv": [0, 0, 2.25, 4.25], "texture": "#4"},
				"south": {"uv": [0, 0, 8.5, 4.25], "texture": "#4"},
				"west": {"uv": [0, 0, 2.25, 4.25], "texture": "#4"},
				"up": {"uv": [0, 0, 8.5, 2.25], "texture": "#4"},
				"down": {"uv": [0, 0, 8.5, 2.25], "texture": "#4"}
			}
		},
		{
			"from": [8.75, 16, 12.75],
			"to": [10, 19.25, 14],
			"rotation": {"angle": 0, "axis": "y", "origin": [1.5, 5.25, 1]},
			"faces": {
				"north": {"uv": [0, 0, 8.5, 4], "texture": "#2"},
				"east": {"uv": [0, 0, 8.25, 4.25], "texture": "#2"},
				"south": {"uv": [0, 0, 8.5, 4.25], "texture": "#2"},
				"west": {"uv": [0, 0, 9.25, 4.25], "texture": "#2"},
				"up": {"uv": [0, 0, 8.5, 2.25], "texture": "#2"},
				"down": {"uv": [0, 0, 8.5, 2.25], "texture": "#2"}
			}
		},
		{
			"from": [9, 19.25, 13],
			"to": [9.75, 21.25, 13.75],
			"rotation": {"angle": 0, "axis": "y", "origin": [1.5, 5.25, 1]},
			"faces": {
				"north": {"uv": [0, 0, 8.5, 4.25], "texture": "#7"},
				"east": {"uv": [0, 0, 2.25, 4.25], "texture": "#7"},
				"south": {"uv": [0, 0, 8.5, 4.25], "texture": "#7"},
				"west": {"uv": [0, 0, 2.25, 4.25], "texture": "#7"},
				"up": {"uv": [0, 0, 8.5, 2.25], "texture": "#7"},
				"down": {"uv": [0, 0, 8.5, 2.25], "texture": "#7"}
			}
		},
		{
			"from": [8.25, 8.75, 1],
			"to": [10.5, 16, 3.25],
			"rotation": {"angle": 0, "axis": "y", "origin": [1.5, 5.25, 1]},
			"faces": {
				"north": {"uv": [0, 0, 16, 16], "texture": "#4"},
				"east": {"uv": [0, 0, 16, 16], "texture": "#4"},
				"south": {"uv": [0, 0, 16, 16], "texture": "#4"},
				"west": {"uv": [0, 0, 2.25, 4.25], "texture": "#4"},
				"up": {"uv": [0, 0, 8.5, 2.25], "texture": "#4"},
				"down": {"uv": [0, 0, 8.5, 2.25], "texture": "#4"}
			}
		},
		{
			"from": [8.75, 16, 1.5],
			"to": [10, 19.25, 2.75],
			"rotation": {"angle": 0, "axis": "y", "origin": [1.5, 5.25, 1]},
			"faces": {
				"north": {"uv": [0, 0, 8.5, 4], "texture": "#2"},
				"east": {"uv": [0, 0, 8.25, 4.25], "texture": "#2"},
				"south": {"uv": [0, 0, 8.5, 4.25], "texture": "#2"},
				"west": {"uv": [0, 0, 9.25, 4.25], "texture": "#2"},
				"up": {"uv": [0, 0, 8.5, 2.25], "texture": "#2"},
				"down": {"uv": [0, 0, 8.5, 2.25], "texture": "#2"}
			}
		},
		{
			"from": [9, 19.25, 1.75],
			"to": [9.75, 21.25, 2.5],
			"rotation": {"angle": 0, "axis": "y", "origin": [1.5, 5.25, 1]},
			"faces": {
				"north": {"uv": [0, 0, 8.5, 4.25], "texture": "#7"},
				"east": {"uv": [0, 0, 2.25, 4.25], "texture": "#7"},
				"south": {"uv": [0, 0, 8.5, 4.25], "texture": "#7"},
				"west": {"uv": [0, 0, 2.25, 4.25], "texture": "#7"},
				"up": {"uv": [0, 0, 8.5, 2.25], "texture": "#7"},
				"down": {"uv": [0, 0, 8.5, 2.25], "texture": "#7"}
			}
		},
		{
			"from": [5.59739, 8.5, 1.43149],
			"to": [7.84739, 12.75, 3.93149],
			"rotation": {"angle": 45, "axis": "y", "origin": [12.34739, 5.25, -8.31851]},
			"faces": {
				"north": {"uv": [0, 0, 2.25, 4.25], "texture": "#2"},
				"east": {"uv": [0, 0, 2.5, 4.25], "texture": "#2"},
				"south": {"uv": [0, 0, 2.25, 4.25], "texture": "#2"},
				"west": {"uv": [0, 0, 2.5, 4.25], "texture": "#2"},
				"up": {"uv": [0, 0, 3.5, 3.5], "rotation": 90, "texture": "#2"},
				"down": {"uv": [0, 0, 2.5, 2.25], "rotation": 270, "texture": "#2"}
			}
		},
		{
			"from": [16.06201, 8.5, -1.82221],
			"to": [18.56201, 12.75, 0.42779],
			"rotation": {"angle": -22.5, "axis": "y", "origin": [8.31201, 5.25, -6.32221]},
			"faces": {
				"north": {"uv": [0, 0, 2.5, 4.25], "texture": "#2"},
				"east": {"uv": [0, 0, 2.25, 4.25], "texture": "#2"},
				"south": {"uv": [0, 0, 2.5, 4.25], "texture": "#2"},
				"west": {"uv": [0, 0, 2.25, 4.25], "texture": "#2"},
				"up": {"uv": [0, 0, 3.5, 3.5], "texture": "#2"},
				"down": {"uv": [0, 0, 2.5, 2.25], "texture": "#2"}
			}
		},
		{
			"from": [5.25, 8.5, 0.80105],
			"to": [13.75, 12.75, 3.05105],
			"rotation": {"angle": 0, "axis": "y", "origin": [1.5, 5.25, -10.69895]},
			"faces": {
				"north": {"uv": [0, 0, 8.5, 4.25], "texture": "#2"},
				"east": {"uv": [0, 0, 2.25, 4.25], "texture": "#2"},
				"south": {"uv": [0, 0, 8.5, 4.25], "texture": "#2"},
				"west": {"uv": [0, 0, 2.25, 4.25], "texture": "#2"},
				"up": {"uv": [0, 0, 9.5, 3.5], "texture": "#2"},
				"down": {"uv": [0, 0, 8.5, 2.25], "texture": "#2"}
			}
		},
		{
			"from": [9.42058, 8.5, 18.23453],
			"to": [11.92058, 12.75, 20.48453],
			"rotation": {"angle": 22.5, "axis": "y", "origin": [-2.82942, 5.25, 6.73453]},
			"faces": {
				"north": {"uv": [0, 0, 2.5, 4.25], "texture": "#2"},
				"east": {"uv": [0, 0, 2.25, 4.25], "texture": "#2"},
				"south": {"uv": [0, 0, 2.5, 4.25], "texture": "#2"},
				"west": {"uv": [0, 0, 2.25, 4.25], "texture": "#2"},
				"up": {"uv": [0, 0, 3.5, 3.5], "texture": "#2"},
				"down": {"uv": [0, 0, 2.5, 2.25], "texture": "#2"}
			}
		},
		{
			"from": [10.8036, 8.5, 26.35395],
			"to": [13.3036, 12.75, 28.60395],
			"rotation": {"angle": 45, "axis": "y", "origin": [-4.4464, 5.25, 14.85395]},
			"faces": {
				"north": {"uv": [0, 0, 2.5, 4.25], "texture": "#2"},
				"east": {"uv": [0, 0, 2.25, 4.25], "texture": "#2"},
				"south": {"uv": [0, 0, 2.5, 4.25], "texture": "#2"},
				"west": {"uv": [0, 0, 2.25, 4.25], "texture": "#2"},
				"up": {"uv": [0, 0, 3.5, 3.5], "texture": "#2"},
				"down": {"uv": [0, 0, 2.5, 2.25], "texture": "#2"}
			}
		},
		{
			"from": [8.29735, 8.5, 12.11159],
			"to": [10.79735, 12.75, 14.36159],
			"rotation": {"angle": -22.5, "axis": "y", "origin": [7.04735, 5.25, 0.61159]},
			"faces": {
				"north": {"uv": [0, 0, 2.5, 4.25], "texture": "#2"},
				"east": {"uv": [0, 0, 2.25, 4.25], "texture": "#2"},
				"south": {"uv": [0, 0, 2.5, 4.25], "texture": "#2"},
				"west": {"uv": [0, 0, 2.25, 4.25], "texture": "#2"},
				"up": {"uv": [0, 0, 3.5, 3.5], "texture": "#2"},
				"down": {"uv": [0, 0, 2.5, 2.25], "texture": "#2"}
			}
		},
		{
			"from": [9.7969, 8.5, 16.45446],
			"to": [12.2969, 12.75, 18.70446],
			"rotation": {"angle": -45, "axis": "y", "origin": [13.5469, 5.25, 4.95446]},
			"faces": {
				"north": {"uv": [0, 0, 2.5, 4.25], "texture": "#2"},
				"east": {"uv": [0, 0, 2.25, 4.25], "texture": "#2"},
				"south": {"uv": [0, 0, 2.5, 4.25], "texture": "#2"},
				"west": {"uv": [0, 0, 2.25, 4.25], "texture": "#2"},
				"up": {"uv": [0, 0, 3.5, 3.5], "texture": "#2"},
				"down": {"uv": [0, 0, 2.5, 2.25], "texture": "#2"}
			}
		},
		{
			"from": [-10.10259, 8.5, 7.74609],
			"to": [-7.85259, 12.75, 10.24609],
			"rotation": {"angle": -45, "axis": "y", "origin": [3.64741, 5.25, 20.49609]},
			"faces": {
				"north": {"uv": [0, 0, 2.25, 4.25], "texture": "#2"},
				"east": {"uv": [0, 0, 2.5, 4.25], "texture": "#2"},
				"south": {"uv": [0, 0, 2.25, 4.25], "texture": "#2"},
				"west": {"uv": [0, 0, 2.5, 4.25], "texture": "#2"},
				"up": {"uv": [0, 0, 2.5, 2.25], "rotation": 90, "texture": "#2"},
				"down": {"uv": [0, 0, 2.5, 2.25], "rotation": 270, "texture": "#2"}
			}
		},
		{
			"from": [9.51528, 8.5, 7.31239],
			"to": [12.01528, 12.75, 9.56239],
			"rotation": {"angle": 22.5, "axis": "y", "origin": [-7.73472, 5.25, 21.06239]},
			"faces": {
				"north": {"uv": [0, 0, 2.5, 4.25], "texture": "#2"},
				"east": {"uv": [0, 0, 2.25, 4.25], "texture": "#2"},
				"south": {"uv": [0, 0, 2.5, 4.25], "texture": "#2"},
				"west": {"uv": [0, 0, 2.25, 4.25], "texture": "#2"},
				"up": {"uv": [0, 0, 3.5, 3.5], "rotation": 180, "texture": "#2"},
				"down": {"uv": [0, 0, 2.5, 2.25], "rotation": 180, "texture": "#2"}
			}
		},
		{
			"from": [8.25, 21.75, 6.25],
			"to": [10.5, 24, 8.5],
			"faces": {
				"north": {"uv": [0, 0, 16, 16], "texture": "#0"},
				"east": {"uv": [0, 0, 16, 16], "texture": "#0"},
				"south": {"uv": [0, 0, 16, 16], "texture": "#0"},
				"west": {"uv": [0, 0, 16, 16], "texture": "#0"},
				"up": {"uv": [0, 0, 16, 16], "texture": "#1"},
				"down": {"uv": [0, 0, 16, 16], "texture": "#1"}
			}
		},
		{
			"from": [8.25, 24, 7.5],
			"to": [10.5, 26.25, 7.5],
			"faces": {
				"north": {"uv": [0, 0, 16, 16], "texture": "#10"},
				"east": {"uv": [0, 0, 16, 16], "texture": "#10"},
				"south": {"uv": [0, 0, 16, 16], "texture": "#10"},
				"west": {"uv": [0, 0, 16, 16], "texture": "#10"},
				"up": {"uv": [0, 0, 16, 16], "texture": "#10"},
				"down": {"uv": [0, 0, 16, 16], "texture": "#10"}
			}
		},
		{
			"from": [9.5, 24, 6.25],
			"to": [9.5, 26.25, 8.5],
			"faces": {
				"north": {"uv": [0, 0, 16, 16], "texture": "#10"},
				"east": {"uv": [0, 0, 16, 16], "texture": "#10"},
				"south": {"uv": [0, 0, 16, 16], "texture": "#10"},
				"west": {"uv": [0, 0, 16, 16], "texture": "#10"},
				"up": {"uv": [0, 0, 16, 16], "rotation": 270, "texture": "#10"},
				"down": {"uv": [0, 0, 16, 16], "rotation": 90, "texture": "#10"}
			}
		},
		{
			"from": [12.75, -0.5, 0.5],
			"to": [15.25, 2, 1.5],
			"rotation": {"angle": 45, "axis": "z", "origin": [0, 0, 0]},
			"faces": {
				"north": {"uv": [0, 0, 2.5, 2.5], "texture": "#3"},
				"east": {"uv": [0, 0, 1, 2.5], "texture": "#3"},
				"south": {"uv": [0, 0, 2.5, 2.5], "texture": "#3"},
				"west": {"uv": [0, 0, 1, 2.5], "texture": "#3"},
				"up": {"uv": [0, 0, 2.5, 1], "texture": "#3"},
				"down": {"uv": [0, 0, 2.5, 1], "texture": "#3"}
			}
		},
		{
			"from": [13, -0.25, 0.25],
			"to": [15, 1.75, 0.5],
			"rotation": {"angle": 45, "axis": "z", "origin": [0, 0, 0]},
			"faces": {
				"north": {"uv": [0, 0, 16, 16], "texture": "#6"},
				"east": {"uv": [0, 0, 0.25, 2], "texture": "#6"},
				"south": {"uv": [0, 0, 2, 2], "texture": "#6"},
				"west": {"uv": [0, 0, 0.25, 2], "texture": "#6"},
				"up": {"uv": [0, 0, 2, 0.25], "texture": "#6"},
				"down": {"uv": [0, 0, 2, 0.25], "texture": "#6"}
			}
		},
		{
			"from": [11.75, 2.5, 0.25],
			"to": [12.5, 3.25, 0.5],
			"rotation": {"angle": 45, "axis": "z", "origin": [0, 0, 0]},
			"faces": {
				"north": {"uv": [0, 0, 16, 16], "texture": "#5"},
				"east": {"uv": [0, 0, 0.25, 0.75], "texture": "#5"},
				"south": {"uv": [0, 0, 0.75, 0.75], "texture": "#5"},
				"west": {"uv": [0, 0, 0.25, 0.75], "texture": "#5"},
				"up": {"uv": [0, 0, 0.75, 0.25], "texture": "#5"},
				"down": {"uv": [0, 0, 0.75, 0.25], "texture": "#5"}
			}
		},
		{
			"from": [11.5, 2.25, 0.5],
			"to": [12.75, 3.5, 1.5],
			"rotation": {"angle": 45, "axis": "z", "origin": [0, 0, 0]},
			"faces": {
				"north": {"uv": [0, 0, 1.25, 1.25], "texture": "#3"},
				"east": {"uv": [0, 0, 1, 1.25], "texture": "#3"},
				"south": {"uv": [0, 0, 1.25, 1.25], "texture": "#3"},
				"west": {"uv": [0, 0, 1, 1.25], "texture": "#3"},
				"up": {"uv": [0, 0, 1.25, 1], "texture": "#3"},
				"down": {"uv": [0, 0, 1.25, 1], "texture": "#3"}
			}
		},
		{
			"from": [15.75, -1.5, 0.25],
			"to": [16.5, -0.75, 0.5],
			"rotation": {"angle": 45, "axis": "z", "origin": [0, 0, 0]},
			"faces": {
				"north": {"uv": [0, 0, 16, 16], "texture": "#5"},
				"east": {"uv": [0, 0, 0.25, 0.75], "texture": "#5"},
				"south": {"uv": [0, 0, 0.75, 0.75], "texture": "#5"},
				"west": {"uv": [0, 0, 0.25, 0.75], "texture": "#5"},
				"up": {"uv": [0, 0, 0.75, 0.25], "texture": "#5"},
				"down": {"uv": [0, 0, 0.75, 0.25], "texture": "#5"}
			}
		},
		{
			"from": [15.5, -1.75, 0.5],
			"to": [16.75, -0.5, 1.5],
			"rotation": {"angle": 45, "axis": "z", "origin": [0, 0, 0]},
			"faces": {
				"north": {"uv": [0, 0, 1.25, 1.25], "texture": "#3"},
				"east": {"uv": [0, 0, 1, 1.25], "texture": "#3"},
				"south": {"uv": [0, 0, 1.25, 1.25], "texture": "#3"},
				"west": {"uv": [0, 0, 1, 1.25], "texture": "#3"},
				"up": {"uv": [0, 0, 1.25, 1], "texture": "#3"},
				"down": {"uv": [0, 0, 1.25, 1], "texture": "#3"}
			}
		},
		{
			"from": [12, 9, 0.5],
			"to": [12.5, 9.5, 0.75],
			"faces": {
				"north": {"uv": [0, 0, 16, 16], "texture": "#7"},
				"east": {"uv": [0, 0, 0.25, 0.5], "texture": "#7"},
				"south": {"uv": [0, 0, 0.5, 0.5], "texture": "#7"},
				"west": {"uv": [0, 0, 0.25, 0.5], "texture": "#7"},
				"up": {"uv": [0, 0, 0.5, 0.25], "texture": "#7"},
				"down": {"uv": [0, 0, 0.5, 0.25], "texture": "#7"}
			}
		},
		{
			"from": [12, 12, 0.5],
			"to": [12.5, 12.5, 0.75],
			"faces": {
				"north": {"uv": [0, 0, 16, 16], "texture": "#7"},
				"east": {"uv": [0, 0, 0.25, 0.5], "texture": "#7"},
				"south": {"uv": [0, 0, 0.5, 0.5], "texture": "#7"},
				"west": {"uv": [0, 0, 0.25, 0.5], "texture": "#7"},
				"up": {"uv": [0, 0, 0.5, 0.25], "texture": "#7"},
				"down": {"uv": [0, 0, 0.5, 0.25], "texture": "#7"}
			}
		},
		{
			"from": [10.75, 10.5, 0.5],
			"to": [11.25, 11, 0.75],
			"faces": {
				"north": {"uv": [0, 0, 16, 16], "texture": "#7"},
				"east": {"uv": [0, 0, 0.25, 0.5], "texture": "#7"},
				"south": {"uv": [0, 0, 0.5, 0.5], "texture": "#7"},
				"west": {"uv": [0, 0, 0.25, 0.5], "texture": "#7"},
				"up": {"uv": [0, 0, 0.5, 0.25], "texture": "#7"},
				"down": {"uv": [0, 0, 0.5, 0.25], "texture": "#7"}
			}
		},
		{
			"from": [13.25, 10.5, 0.5],
			"to": [13.75, 11, 0.75],
			"faces": {
				"north": {"uv": [0, 0, 16, 16], "texture": "#7"},
				"east": {"uv": [0, 0, 0.25, 0.5], "texture": "#7"},
				"south": {"uv": [0, 0, 0.5, 0.5], "texture": "#7"},
				"west": {"uv": [0, 0, 0.25, 0.5], "texture": "#7"},
				"up": {"uv": [0, 0, 0.5, 0.25], "texture": "#7"},
				"down": {"uv": [0, 0, 0.5, 0.25], "texture": "#7"}
			}
		},
		{
			"from": [5, 10.5, 0.5],
			"to": [5.5, 11, 0.75],
			"faces": {
				"north": {"uv": [0, 0, 16, 16], "texture": "#7"},
				"east": {"uv": [0, 0, 0.25, 0.5], "texture": "#7"},
				"south": {"uv": [0, 0, 0.5, 0.5], "texture": "#7"},
				"west": {"uv": [0, 0, 0.25, 0.5], "texture": "#7"},
				"up": {"uv": [0, 0, 0.5, 0.25], "texture": "#7"},
				"down": {"uv": [0, 0, 0.5, 0.25], "texture": "#7"}
			}
		},
		{
			"from": [7.5, 10.5, 0.5],
			"to": [8, 11, 0.75],
			"faces": {
				"north": {"uv": [0, 0, 16, 16], "texture": "#7"},
				"east": {"uv": [0, 0, 0.25, 0.5], "texture": "#7"},
				"south": {"uv": [0, 0, 0.5, 0.5], "texture": "#7"},
				"west": {"uv": [0, 0, 0.25, 0.5], "texture": "#7"},
				"up": {"uv": [0, 0, 0.5, 0.25], "texture": "#7"},
				"down": {"uv": [0, 0, 0.5, 0.25], "texture": "#7"}
			}
		},
		{
			"from": [6.25, 9, 0.5],
			"to": [6.75, 9.5, 0.75],
			"faces": {
				"north": {"uv": [0, 0, 16, 16], "texture": "#7"},
				"east": {"uv": [0, 0, 0.25, 0.5], "texture": "#7"},
				"south": {"uv": [0, 0, 0.5, 0.5], "texture": "#7"},
				"west": {"uv": [0, 0, 0.25, 0.5], "texture": "#7"},
				"up": {"uv": [0, 0, 0.5, 0.25], "texture": "#7"},
				"down": {"uv": [0, 0, 0.5, 0.25], "texture": "#7"}
			}
		},
		{
			"from": [6.25, 12, 0.5],
			"to": [6.75, 12.5, 0.75],
			"faces": {
				"north": {"uv": [0, 0, 16, 16], "texture": "#7"},
				"east": {"uv": [0, 0, 0.25, 0.5], "texture": "#7"},
				"south": {"uv": [0, 0, 0.5, 0.5], "texture": "#7"},
				"west": {"uv": [0, 0, 0.25, 0.5], "texture": "#7"},
				"up": {"uv": [0, 0, 0.5, 0.25], "texture": "#7"},
				"down": {"uv": [0, 0, 0.5, 0.25], "texture": "#7"}
			}
		},
		{
			"from": [12, 9, 14.75],
			"to": [12.5, 9.5, 15],
			"faces": {
				"north": {"uv": [0, 0, 16, 16], "texture": "#7"},
				"east": {"uv": [0, 0, 0.25, 0.5], "texture": "#7"},
				"south": {"uv": [0, 0, 16, 16], "texture": "#7"},
				"west": {"uv": [0, 0, 0.25, 0.5], "texture": "#7"},
				"up": {"uv": [0, 0, 0.5, 0.25], "texture": "#7"},
				"down": {"uv": [0, 0, 0.5, 0.25], "texture": "#7"}
			}
		},
		{
			"from": [13.25, 10.5, 14.75],
			"to": [13.75, 11, 15],
			"faces": {
				"north": {"uv": [0, 0, 16, 16], "texture": "#7"},
				"east": {"uv": [0, 0, 0.25, 0.5], "texture": "#7"},
				"south": {"uv": [0, 0, 16, 16], "texture": "#7"},
				"west": {"uv": [0, 0, 0.25, 0.5], "texture": "#7"},
				"up": {"uv": [0, 0, 0.5, 0.25], "texture": "#7"},
				"down": {"uv": [0, 0, 0.5, 0.25], "texture": "#7"}
			}
		},
		{
			"from": [12, 12, 14.75],
			"to": [12.5, 12.5, 15],
			"faces": {
				"north": {"uv": [0, 0, 16, 16], "texture": "#7"},
				"east": {"uv": [0, 0, 0.25, 0.5], "texture": "#7"},
				"south": {"uv": [0, 0, 16, 16], "texture": "#7"},
				"west": {"uv": [0, 0, 0.25, 0.5], "texture": "#7"},
				"up": {"uv": [0, 0, 0.5, 0.25], "texture": "#7"},
				"down": {"uv": [0, 0, 0.5, 0.25], "texture": "#7"}
			}
		},
		{
			"from": [10.75, 10.5, 14.75],
			"to": [11.25, 11, 15],
			"faces": {
				"north": {"uv": [0, 0, 16, 16], "texture": "#7"},
				"east": {"uv": [0, 0, 0.25, 0.5], "texture": "#7"},
				"south": {"uv": [0, 0, 16, 16], "texture": "#7"},
				"west": {"uv": [0, 0, 0.25, 0.5], "texture": "#7"},
				"up": {"uv": [0, 0, 0.5, 0.25], "texture": "#7"},
				"down": {"uv": [0, 0, 0.5, 0.25], "texture": "#7"}
			}
		},
		{
			"from": [7.5, 10.5, 14.75],
			"to": [8, 11, 15],
			"faces": {
				"north": {"uv": [0, 0, 16, 16], "texture": "#7"},
				"east": {"uv": [0, 0, 0.25, 0.5], "texture": "#7"},
				"south": {"uv": [0, 0, 16, 16], "texture": "#7"},
				"west": {"uv": [0, 0, 0.25, 0.5], "texture": "#7"},
				"up": {"uv": [0, 0, 0.5, 0.25], "texture": "#7"},
				"down": {"uv": [0, 0, 0.5, 0.25], "texture": "#7"}
			}
		},
		{
			"from": [6.25, 9, 14.75],
			"to": [6.75, 9.5, 15],
			"faces": {
				"north": {"uv": [0, 0, 16, 16], "texture": "#7"},
				"east": {"uv": [0, 0, 0.25, 0.5], "texture": "#7"},
				"south": {"uv": [0, 0, 16, 16], "texture": "#7"},
				"west": {"uv": [0, 0, 0.25, 0.5], "texture": "#7"},
				"up": {"uv": [0, 0, 0.5, 0.25], "texture": "#7"},
				"down": {"uv": [0, 0, 0.5, 0.25], "texture": "#7"}
			}
		},
		{
			"from": [5, 10.5, 14.75],
			"to": [5.5, 11, 15],
			"faces": {
				"north": {"uv": [0, 0, 16, 16], "texture": "#7"},
				"east": {"uv": [0, 0, 0.25, 0.5], "texture": "#7"},
				"south": {"uv": [0, 0, 16, 16], "texture": "#7"},
				"west": {"uv": [0, 0, 0.25, 0.5], "texture": "#7"},
				"up": {"uv": [0, 0, 0.5, 0.25], "texture": "#7"},
				"down": {"uv": [0, 0, 0.5, 0.25], "texture": "#7"}
			}
		},
		{
			"from": [6.25, 12, 14.75],
			"to": [6.75, 12.5, 15],
			"faces": {
				"north": {"uv": [0, 0, 16, 16], "texture": "#7"},
				"east": {"uv": [0, 0, 0.25, 0.5], "texture": "#7"},
				"south": {"uv": [0, 0, 16, 16], "texture": "#7"},
				"west": {"uv": [0, 0, 0.25, 0.5], "texture": "#7"},
				"up": {"uv": [0, 0, 0.5, 0.25], "texture": "#7"},
				"down": {"uv": [0, 0, 0.5, 0.25], "texture": "#7"}
			}
		},
		{
			"from": [14, -1.5, 0.5],
			"to": [14.5, -1, 0.75],
			"rotation": {"angle": 45, "axis": "z", "origin": [0, 0, 0]},
			"faces": {
				"north": {"uv": [0, 0, 16, 16], "texture": "#9"},
				"east": {"uv": [0, 0, 0.25, 0.5], "texture": "#9"},
				"south": {"uv": [0, 0, 0.5, 0.5], "texture": "#9"},
				"west": {"uv": [0, 0, 0.25, 0.5], "texture": "#9"},
				"up": {"uv": [0, 0, 0.5, 0.25], "texture": "#9"},
				"down": {"uv": [0, 0, 0.5, 0.25], "texture": "#9"}
			}
		},
		{
			"from": [15.75, -3.25, 0.5],
			"to": [16.25, -2.75, 0.75],
			"rotation": {"angle": 45, "axis": "z", "origin": [0, 0, 0]},
			"faces": {
				"north": {"uv": [0, 0, 16, 16], "texture": "#9"},
				"east": {"uv": [0, 0, 0.25, 0.5], "texture": "#9"},
				"south": {"uv": [0, 0, 0.5, 0.5], "texture": "#9"},
				"west": {"uv": [0, 0, 0.25, 0.5], "texture": "#9"},
				"up": {"uv": [0, 0, 0.5, 0.25], "texture": "#9"},
				"down": {"uv": [0, 0, 0.5, 0.25], "texture": "#9"}
			}
		},
		{
			"from": [16, 0.5, 0.5],
			"to": [16.5, 1, 0.75],
			"rotation": {"angle": 45, "axis": "z", "origin": [0, 0, 0]},
			"faces": {
				"north": {"uv": [0, 0, 16, 16], "texture": "#9"},
				"east": {"uv": [0, 0, 0.25, 0.5], "texture": "#9"},
				"south": {"uv": [0, 0, 0.5, 0.5], "texture": "#9"},
				"west": {"uv": [0, 0, 0.25, 0.5], "texture": "#9"},
				"up": {"uv": [0, 0, 0.5, 0.25], "texture": "#9"},
				"down": {"uv": [0, 0, 0.5, 0.25], "texture": "#9"}
			}
		},
		{
			"from": [17.75, -1.25, 0.5],
			"to": [18.25, -0.75, 0.75],
			"rotation": {"angle": 45, "axis": "z", "origin": [0, 0, 0]},
			"faces": {
				"north": {"uv": [0, 0, 16, 16], "texture": "#9"},
				"east": {"uv": [0, 0, 0.25, 0.5], "texture": "#9"},
				"south": {"uv": [0, 0, 0.5, 0.5], "texture": "#9"},
				"west": {"uv": [0, 0, 0.25, 0.5], "texture": "#9"},
				"up": {"uv": [0, 0, 0.5, 0.25], "texture": "#9"},
				"down": {"uv": [0, 0, 0.5, 0.25], "texture": "#9"}
			}
		},
		{
			"from": [12, 4.5, 0.5],
			"to": [12.5, 5, 0.75],
			"rotation": {"angle": 45, "axis": "z", "origin": [0, 0, 0]},
			"faces": {
				"north": {"uv": [0, 0, 16, 16], "texture": "#9"},
				"east": {"uv": [0, 0, 0.25, 0.5], "texture": "#9"},
				"south": {"uv": [0, 0, 0.5, 0.5], "texture": "#9"},
				"west": {"uv": [0, 0, 0.25, 0.5], "texture": "#9"},
				"up": {"uv": [0, 0, 0.5, 0.25], "texture": "#9"},
				"down": {"uv": [0, 0, 0.5, 0.25], "texture": "#9"}
			}
		},
		{
			"from": [13.75, 2.75, 0.5],
			"to": [14.25, 3.25, 0.75],
			"rotation": {"angle": 45, "axis": "z", "origin": [0, 0, 0]},
			"faces": {
				"north": {"uv": [0, 0, 16, 16], "texture": "#9"},
				"east": {"uv": [0, 0, 0.25, 0.5], "texture": "#9"},
				"south": {"uv": [0, 0, 0.5, 0.5], "texture": "#9"},
				"west": {"uv": [0, 0, 0.25, 0.5], "texture": "#9"},
				"up": {"uv": [0, 0, 0.5, 0.25], "texture": "#9"},
				"down": {"uv": [0, 0, 0.5, 0.25], "texture": "#9"}
			}
		},
		{
			"from": [10, 2.5, 0.5],
			"to": [10.5, 3, 0.75],
			"rotation": {"angle": 45, "axis": "z", "origin": [0, 0, 0]},
			"faces": {
				"north": {"uv": [0, 0, 16, 16], "texture": "#9"},
				"east": {"uv": [0, 0, 0.25, 0.5], "texture": "#9"},
				"south": {"uv": [0, 0, 0.5, 0.5], "texture": "#9"},
				"west": {"uv": [0, 0, 0.25, 0.5], "texture": "#9"},
				"up": {"uv": [0, 0, 0.5, 0.25], "texture": "#9"},
				"down": {"uv": [0, 0, 0.5, 0.25], "texture": "#9"}
			}
		},
		{
			"from": [11.75, 0.75, 0.5],
			"to": [12.25, 1.25, 0.75],
			"rotation": {"angle": 45, "axis": "z", "origin": [0, 0, 0]},
			"faces": {
				"north": {"uv": [0, 0, 16, 16], "texture": "#9"},
				"east": {"uv": [0, 0, 0.25, 0.5], "texture": "#9"},
				"south": {"uv": [0, 0, 0.5, 0.5], "texture": "#9"},
				"west": {"uv": [0, 0, 0.25, 0.5], "texture": "#9"},
				"up": {"uv": [0, 0, 0.5, 0.25], "texture": "#9"},
				"down": {"uv": [0, 0, 0.5, 0.25], "texture": "#9"}
			}
		},
		{
			"from": [10, 2.5, 14.75],
			"to": [10.5, 3, 15],
			"rotation": {"angle": 45, "axis": "z", "origin": [0, 0, 0]},
			"faces": {
				"north": {"uv": [0, 0, 0.5, 0.5], "texture": "#9"},
				"east": {"uv": [0, 0, 0.25, 0.5], "texture": "#9"},
				"south": {"uv": [0, 0, 16, 16], "texture": "#9"},
				"west": {"uv": [0, 0, 0.25, 0.5], "texture": "#9"},
				"up": {"uv": [0, 0, 0.5, 0.25], "texture": "#9"},
				"down": {"uv": [0, 0, 0.5, 0.25], "texture": "#9"}
			}
		},
		{
			"from": [11.75, 0.75, 14.75],
			"to": [12.25, 1.25, 15],
			"rotation": {"angle": 45, "axis": "z", "origin": [0, 0, 0]},
			"faces": {
				"north": {"uv": [0, 0, 0.5, 0.5], "texture": "#9"},
				"east": {"uv": [0, 0, 0.25, 0.5], "texture": "#9"},
				"south": {"uv": [0, 0, 16, 16], "texture": "#9"},
				"west": {"uv": [0, 0, 0.25, 0.5], "texture": "#9"},
				"up": {"uv": [0, 0, 0.5, 0.25], "texture": "#9"},
				"down": {"uv": [0, 0, 0.5, 0.25], "texture": "#9"}
			}
		},
		{
			"from": [11.75, 2.5, 15],
			"to": [12.5, 3.25, 15.25],
			"rotation": {"angle": 45, "axis": "z", "origin": [0, 0, 0]},
			"faces": {
				"north": {"uv": [0, 0, 0.75, 0.75], "texture": "#5"},
				"east": {"uv": [0, 0, 0.25, 0.75], "texture": "#5"},
				"south": {"uv": [0, 0, 16, 16], "texture": "#5"},
				"west": {"uv": [0, 0, 0.25, 0.75], "texture": "#5"},
				"up": {"uv": [0, 0, 0.75, 0.25], "texture": "#5"},
				"down": {"uv": [0, 0, 0.75, 0.25], "texture": "#5"}
			}
		},
		{
			"from": [11.5, 2.25, 14],
			"to": [12.75, 3.5, 15],
			"rotation": {"angle": 45, "axis": "z", "origin": [0, 0, 0]},
			"faces": {
				"north": {"uv": [0, 0, 1.25, 1.25], "texture": "#3"},
				"east": {"uv": [0, 0, 1, 1.25], "texture": "#3"},
				"south": {"uv": [0, 0, 1.25, 1.25], "texture": "#3"},
				"west": {"uv": [0, 0, 1, 1.25], "texture": "#3"},
				"up": {"uv": [0, 0, 1.25, 1], "texture": "#3"},
				"down": {"uv": [0, 0, 1.25, 1], "texture": "#3"}
			}
		},
		{
			"from": [12, 4.5, 14.75],
			"to": [12.5, 5, 15],
			"rotation": {"angle": 45, "axis": "z", "origin": [0, 0, 0]},
			"faces": {
				"north": {"uv": [0, 0, 0.5, 0.5], "texture": "#9"},
				"east": {"uv": [0, 0, 0.25, 0.5], "texture": "#9"},
				"south": {"uv": [0, 0, 16, 16], "texture": "#9"},
				"west": {"uv": [0, 0, 0.25, 0.5], "texture": "#9"},
				"up": {"uv": [0, 0, 0.5, 0.25], "texture": "#9"},
				"down": {"uv": [0, 0, 0.5, 0.25], "texture": "#9"}
			}
		},
		{
			"from": [13.75, 2.75, 14.75],
			"to": [14.25, 3.25, 15],
			"rotation": {"angle": 45, "axis": "z", "origin": [0, 0, 0]},
			"faces": {
				"north": {"uv": [0, 0, 0.5, 0.5], "texture": "#9"},
				"east": {"uv": [0, 0, 0.25, 0.5], "texture": "#9"},
				"south": {"uv": [0, 0, 16, 16], "texture": "#9"},
				"west": {"uv": [0, 0, 0.25, 0.5], "texture": "#9"},
				"up": {"uv": [0, 0, 0.5, 0.25], "texture": "#9"},
				"down": {"uv": [0, 0, 0.5, 0.25], "texture": "#9"}
			}
		},
		{
			"from": [13, -0.25, 15],
			"to": [15, 1.75, 15.25],
			"rotation": {"angle": 45, "axis": "z", "origin": [0, 0, 0]},
			"faces": {
				"north": {"uv": [0, 0, 2, 2], "texture": "#6"},
				"east": {"uv": [0, 0, 0.25, 2], "texture": "#6"},
				"south": {"uv": [0, 0, 16, 16], "texture": "#6"},
				"west": {"uv": [0, 0, 0.25, 2], "texture": "#6"},
				"up": {"uv": [0, 0, 2, 0.25], "texture": "#6"},
				"down": {"uv": [0, 0, 2, 0.25], "texture": "#6"}
			}
		},
		{
			"from": [12.75, -0.5, 14],
			"to": [15.25, 2, 15],
			"rotation": {"angle": 45, "axis": "z", "origin": [0, 0, 0]},
			"faces": {
				"north": {"uv": [0, 0, 2.5, 2.5], "texture": "#3"},
				"east": {"uv": [0, 0, 1, 2.5], "texture": "#3"},
				"south": {"uv": [0, 0, 2.5, 2.5], "texture": "#3"},
				"west": {"uv": [0, 0, 1, 2.5], "texture": "#3"},
				"up": {"uv": [0, 0, 2.5, 1], "texture": "#3"},
				"down": {"uv": [0, 0, 2.5, 1], "texture": "#3"}
			}
		},
		{
			"from": [14, -1.5, 14.75],
			"to": [14.5, -1, 15],
			"rotation": {"angle": 45, "axis": "z", "origin": [0, 0, 0]},
			"faces": {
				"north": {"uv": [0, 0, 0.5, 0.5], "texture": "#9"},
				"east": {"uv": [0, 0, 0.25, 0.5], "texture": "#9"},
				"south": {"uv": [0, 0, 16, 16], "texture": "#9"},
				"west": {"uv": [0, 0, 0.25, 0.5], "texture": "#9"},
				"up": {"uv": [0, 0, 0.5, 0.25], "texture": "#9"},
				"down": {"uv": [0, 0, 0.5, 0.25], "texture": "#9"}
			}
		},
		{
			"from": [15.75, -3.25, 14.75],
			"to": [16.25, -2.75, 15],
			"rotation": {"angle": 45, "axis": "z", "origin": [0, 0, 0]},
			"faces": {
				"north": {"uv": [0, 0, 0.5, 0.5], "texture": "#9"},
				"east": {"uv": [0, 0, 0.25, 0.5], "texture": "#9"},
				"south": {"uv": [0, 0, 16, 16], "texture": "#9"},
				"west": {"uv": [0, 0, 0.25, 0.5], "texture": "#9"},
				"up": {"uv": [0, 0, 0.5, 0.25], "texture": "#9"},
				"down": {"uv": [0, 0, 0.5, 0.25], "texture": "#9"}
			}
		},
		{
			"from": [15.5, -1.75, 14],
			"to": [16.75, -0.5, 15],
			"rotation": {"angle": 45, "axis": "z", "origin": [0, 0, 0]},
			"faces": {
				"north": {"uv": [0, 0, 1.25, 1.25], "texture": "#3"},
				"east": {"uv": [0, 0, 1, 1.25], "texture": "#3"},
				"south": {"uv": [0, 0, 1.25, 1.25], "texture": "#3"},
				"west": {"uv": [0, 0, 1, 1.25], "texture": "#3"},
				"up": {"uv": [0, 0, 1.25, 1], "texture": "#3"},
				"down": {"uv": [0, 0, 1.25, 1], "texture": "#3"}
			}
		},
		{
			"from": [15.75, -1.5, 15],
			"to": [16.5, -0.75, 15.25],
			"rotation": {"angle": 45, "axis": "z", "origin": [0, 0, 0]},
			"faces": {
				"north": {"uv": [0, 0, 0.75, 0.75], "texture": "#5"},
				"east": {"uv": [0, 0, 0.25, 0.75], "texture": "#5"},
				"south": {"uv": [0, 0, 16, 16], "texture": "#5"},
				"west": {"uv": [0, 0, 0.25, 0.75], "texture": "#5"},
				"up": {"uv": [0, 0, 0.75, 0.25], "texture": "#5"},
				"down": {"uv": [0, 0, 0.75, 0.25], "texture": "#5"}
			}
		},
		{
			"from": [17.75, -1.25, 14.75],
			"to": [18.25, -0.75, 15],
			"rotation": {"angle": 45, "axis": "z", "origin": [0, 0, 0]},
			"faces": {
				"north": {"uv": [0, 0, 0.5, 0.5], "texture": "#9"},
				"east": {"uv": [0, 0, 0.25, 0.5], "texture": "#9"},
				"south": {"uv": [0, 0, 16, 16], "texture": "#9"},
				"west": {"uv": [0, 0, 0.25, 0.5], "texture": "#9"},
				"up": {"uv": [0, 0, 0.5, 0.25], "texture": "#9"},
				"down": {"uv": [0, 0, 0.5, 0.25], "texture": "#9"}
			}
		},
		{
			"from": [16, 0.5, 14.75],
			"to": [16.5, 1, 15],
			"rotation": {"angle": 45, "axis": "z", "origin": [0, 0, 0]},
			"faces": {
				"north": {"uv": [0, 0, 0.5, 0.5], "texture": "#9"},
				"east": {"uv": [0, 0, 0.25, 0.5], "texture": "#9"},
				"south": {"uv": [0, 0, 16, 16], "texture": "#9"},
				"west": {"uv": [0, 0, 0.25, 0.5], "texture": "#9"},
				"up": {"uv": [0, 0, 0.5, 0.25], "texture": "#9"},
				"down": {"uv": [0, 0, 0.5, 0.25], "texture": "#9"}
			}
		},
		{
			"from": [8.25, 13.25, 14.75],
			"to": [10.5, 15.5, 14.75],
			"faces": {
				"north": {"uv": [0, 0, 1.77778, 2.66667], "texture": "#8"},
				"east": {"uv": [0, 0, 0, 2.25], "texture": "#8"},
				"south": {"uv": [0, 0, 16, 16], "texture": "#8"},
				"west": {"uv": [0, 0, 0, 2.25], "texture": "#8"},
				"up": {"uv": [0, 0, 2.25, 0], "texture": "#8"},
				"down": {"uv": [0, 0, 2.25, 0], "texture": "#8"}
			}
		}
	],
	"display": {
		"thirdperson_righthand": {
			"rotation": [-147.75, 0, -163.25],
			"translation": [0, 0, -3.25],
			"scale": [0.69727, 0.69727, 0.78516]
		},
		"firstperson_righthand": {
			"translation": [6, 0, 0]
		},
		"firstperson_lefthand": {
			"translation": [11.25, 0, 0]
		},
		"ground": {
			"scale": [0.80078, 1, 1]
		},
		"head": {
			"rotation": [0, -180, 0],
			"translation": [1.5, 3.75, 0],
			"scale": [1.05079, 1.14649, 1.18751]
		},
		"fixed": {
			"rotation": [0, -180, 0]
		}
	}
}