{
	"credit": "Made with Blockbench",
	"textures": {
		"0": "block/amethyst_block",
		"1": "block/amethyst_cluster",
		"2": "block/bubble_coral_block",
		"4": "block/diamond_block",
		"5": "block/budding_amethyst",
		"6": "block/purple_shulker_box",
		"7": "block/fortenettuno",
		"8": "block/absorption",
		"9": "block/lapis_block",
		"particle": "block/amethyst_block"
	},
	"elements": [
		{
			"from": [5.25, 11, 14.75],
			"to": [7, 12.75, 17],
			"rotation": {"angle": -45, "axis": "z", "origin": [1.5, 5.25, 1]},
			"faces": {
				"north": {"uv": [0, 0, 16, 16], "texture": "#2"},
				"east": {"uv": [0, 0, 2.25, 1.75], "texture": "#2"},
				"south": {"uv": [0, 0, 1.75, 1.75], "texture": "#2"},
				"west": {"uv": [0, 0, 2.25, 1.75], "texture": "#2"},
				"up": {"uv": [0, 0, 1.75, 2.25], "texture": "#2"},
				"down": {"uv": [0, 0, 1.75, 2.25], "texture": "#2"}
			}
		},
		{
			"from": [17.25, 10.25, 4.25],
			"to": [19.5, 12, 6],
			"rotation": {"angle": 45, "axis": "x", "origin": [1.5, 5.25, 1]},
			"faces": {
				"north": {"uv": [0, 0, 2.25, 1.75], "rotation": 180, "texture": "#2"},
				"east": {"uv": [0, 0, 1.75, 1.75], "rotation": 180, "texture": "#2"},
				"south": {"uv": [0, 0, 2.25, 1.75], "rotation": 180, "texture": "#2"},
				"west": {"uv": [0, 0, 1.75, 1.75], "rotation": 180, "texture": "#2"},
				"up": {"uv": [0, 0, 1.75, 2.25], "rotation": 90, "texture": "#2"},
				"down": {"uv": [0, 0, 1.75, 2.25], "rotation": 270, "texture": "#2"}
			}
		},
		{
			"from": [19.25, 13.25, 1.25],
			"to": [19.75, 15, 3],
			"rotation": {"angle": 45, "axis": "x", "origin": [1.5, 5.25, 1]},
			"faces": {
				"north": {"uv": [0, 0, 16, 16], "rotation": 180, "texture": "#6"},
				"east": {"uv": [0, 0, 16, 16], "rotation": 180, "texture": "#6"},
				"south": {"uv": [0, 0, 16, 16], "rotation": 180, "texture": "#6"},
				"west": {"uv": [0, 0, 16, 16], "rotation": 180, "texture": "#6"},
				"up": {"uv": [0, 0, 1.75, 0.5], "rotation": 90, "texture": "#6"},
				"down": {"uv": [0, 0, 1.75, 0.5], "rotation": 270, "texture": "#6"}
			}
		},
		{
			"from": [19.5, 13.5, 1.5],
			"to": [20, 14.75, 2.75],
			"rotation": {"angle": 45, "axis": "x", "origin": [1.5, 5.25, 1]},
			"faces": {
				"north": {"uv": [0, 0, 16, 16], "rotation": 180, "texture": "#4"},
				"east": {"uv": [0, 0, 16, 16], "rotation": 180, "texture": "#4"},
				"south": {"uv": [0, 0, 16, 16], "rotation": 180, "texture": "#4"},
				"west": {"uv": [0, 0, 16, 16], "rotation": 180, "texture": "#4"},
				"up": {"uv": [0, 0, 16, 16], "rotation": 90, "texture": "#4"},
				"down": {"uv": [0, 0, 16, 16], "rotation": 270, "texture": "#4"}
			}
		},
		{
			"from": [-1, 13.25, 1.25],
			"to": [-0.5, 15, 3],
			"rotation": {"angle": 45, "axis": "x", "origin": [1.5, 5.25, 1]},
			"faces": {
				"north": {"uv": [0, 0, 16, 16], "rotation": 180, "texture": "#6"},
				"east": {"uv": [0, 0, 16, 16], "rotation": 180, "texture": "#6"},
				"south": {"uv": [0, 0, 16, 16], "rotation": 180, "texture": "#6"},
				"west": {"uv": [0, 0, 16, 16], "rotation": 180, "texture": "#6"},
				"up": {"uv": [0, 0, 1.75, 0.5], "rotation": 90, "texture": "#6"},
				"down": {"uv": [0, 0, 1.75, 0.5], "rotation": 270, "texture": "#6"}
			}
		},
		{
			"from": [-1.25, 13.5, 1.5],
			"to": [-0.75, 14.75, 2.75],
			"rotation": {"angle": 45, "axis": "x", "origin": [1.5, 5.25, 1]},
			"faces": {
				"north": {"uv": [0, 0, 16, 16], "rotation": 180, "texture": "#4"},
				"east": {"uv": [0, 0, 16, 16], "rotation": 180, "texture": "#4"},
				"south": {"uv": [0, 0, 16, 16], "rotation": 180, "texture": "#4"},
				"west": {"uv": [0, 0, 16, 16], "rotation": 180, "texture": "#4"},
				"up": {"uv": [0, 0, 16, 16], "rotation": 90, "texture": "#4"},
				"down": {"uv": [0, 0, 16, 16], "rotation": 270, "texture": "#4"}
			}
		},
		{
			"from": [17.25, 11.5, 2.75],
			"to": [19.5, 13.5, 4.75],
			"rotation": {"angle": 45, "axis": "x", "origin": [1.5, 5.25, 1]},
			"faces": {
				"north": {"uv": [0, 0, 2.25, 2], "rotation": 180, "texture": "#2"},
				"east": {"uv": [0, 0, 2, 2], "rotation": 180, "texture": "#2"},
				"south": {"uv": [0, 0, 2.25, 2], "rotation": 180, "texture": "#2"},
				"west": {"uv": [0, 0, 2, 2], "rotation": 180, "texture": "#2"},
				"up": {"uv": [0, 0, 2, 2.25], "rotation": 90, "texture": "#2"},
				"down": {"uv": [0, 0, 2, 2.25], "rotation": 270, "texture": "#2"}
			}
		},
		{
			"from": [17.25, 12.75, 1],
			"to": [19.5, 15.25, 3.5],
			"rotation": {"angle": 45, "axis": "x", "origin": [1.5, 5.25, 1]},
			"faces": {
				"north": {"uv": [0, 0, 2.25, 2.5], "rotation": 180, "texture": "#2"},
				"east": {"uv": [0, 0, 2.5, 2.5], "rotation": 180, "texture": "#2"},
				"south": {"uv": [0, 0, 2.25, 2.5], "rotation": 180, "texture": "#2"},
				"west": {"uv": [0, 0, 2.5, 2.5], "rotation": 180, "texture": "#2"},
				"up": {"uv": [0, 0, 2.5, 2.25], "rotation": 90, "texture": "#2"},
				"down": {"uv": [0, 0, 2.5, 2.25], "rotation": 270, "texture": "#2"}
			}
		},
		{
			"from": [2.5, 13.75, 17],
			"to": [4.25, 15.5, 17.25],
			"rotation": {"angle": -45, "axis": "z", "origin": [1.5, 5.25, 1]},
			"faces": {
				"north": {"uv": [0, 0, 1.75, 1.75], "texture": "#0"},
				"east": {"uv": [0, 0, 0.25, 1.75], "texture": "#0"},
				"south": {"uv": [0, 0, 16, 16], "texture": "#0"},
				"west": {"uv": [0, 0, 0.25, 1.75], "texture": "#0"},
				"up": {"uv": [0, 0, 1.75, 0.25], "texture": "#0"},
				"down": {"uv": [0, 0, 1.75, 0.25], "texture": "#0"}
			}
		},
		{
			"from": [2.75, 14, 17.25],
			"to": [4, 15.25, 17.5],
			"rotation": {"angle": -45, "axis": "z", "origin": [1.5, 5.25, 1]},
			"faces": {
				"north": {"uv": [0, 0, 16, 16], "texture": "#4"},
				"east": {"uv": [0, 0, 16, 16], "texture": "#4"},
				"south": {"uv": [0, 0, 16, 16], "texture": "#4"},
				"west": {"uv": [0, 0, 16, 16], "texture": "#4"},
				"up": {"uv": [0, 0, 16, 16], "texture": "#4"},
				"down": {"uv": [0, 0, 16, 16], "texture": "#4"}
			}
		},
		{
			"from": [2.5, 13.75, -1.75],
			"to": [4.25, 15.5, -1.5],
			"rotation": {"angle": -45, "axis": "z", "origin": [1.5, 5.25, 1]},
			"faces": {
				"north": {"uv": [0, 0, 16, 16], "texture": "#6"},
				"east": {"uv": [0, 0, 16, 16], "texture": "#6"},
				"south": {"uv": [0, 0, 16, 16], "texture": "#6"},
				"west": {"uv": [0, 0, 16, 16], "texture": "#6"},
				"up": {"uv": [0, 0, 1.75, 0.25], "texture": "#6"},
				"down": {"uv": [0, 0, 1.75, 0.25], "texture": "#6"}
			}
		},
		{
			"from": [2.75, 14, -2],
			"to": [4, 15.25, -1.75],
			"rotation": {"angle": -45, "axis": "z", "origin": [1.5, 5.25, 1]},
			"faces": {
				"north": {"uv": [0, 0, 16, 16], "texture": "#4"},
				"east": {"uv": [0, 0, 16, 16], "texture": "#4"},
				"south": {"uv": [0, 0, 16, 16], "texture": "#4"},
				"west": {"uv": [0, 0, 16, 16], "texture": "#4"},
				"up": {"uv": [0, 0, 16, 16], "texture": "#4"},
				"down": {"uv": [0, 0, 16, 16], "texture": "#4"}
			}
		},
		{
			"from": [4, 12, 14.75],
			"to": [6, 14, 17],
			"rotation": {"angle": -45, "axis": "z", "origin": [1.5, 5.25, 1]},
			"faces": {
				"north": {"uv": [0, 0, 16, 16], "texture": "#2"},
				"east": {"uv": [0, 0, 2.25, 2], "texture": "#2"},
				"south": {"uv": [0, 0, 2, 2], "texture": "#2"},
				"west": {"uv": [0, 0, 2.25, 2], "texture": "#2"},
				"up": {"uv": [0, 0, 2, 2.25], "texture": "#2"},
				"down": {"uv": [0, 0, 2, 2.25], "texture": "#2"}
			}
		},
		{
			"from": [2.25, 13.25, 14.75],
			"to": [4.75, 15.75, 17],
			"rotation": {"angle": -45, "axis": "z", "origin": [1.5, 5.25, 1]},
			"faces": {
				"north": {"uv": [0, 0, 16, 16], "texture": "#2"},
				"east": {"uv": [0, 0, 2.25, 2.5], "texture": "#2"},
				"south": {"uv": [0, 0, 2.5, 2.5], "texture": "#2"},
				"west": {"uv": [0, 0, 2.25, 2.5], "texture": "#2"},
				"up": {"uv": [0, 0, 2.5, 2.25], "texture": "#2"},
				"down": {"uv": [0, 0, 2.5, 2.25], "texture": "#2"}
			}
		},
		{
			"from": [15.57747, 8.5, 3.52552],
			"to": [17.82747, 12.75, 12.02552],
			"rotation": {"angle": 0, "axis": "y", "origin": [16.07747, 5.25, 15.77552]},
			"faces": {
				"north": {"uv": [0, 0, 2.25, 4.25], "texture": "#5"},
				"east": {"uv": [0, 0, 8.5, 4.25], "texture": "#5"},
				"south": {"uv": [0, 0, 2.25, 4.25], "texture": "#5"},
				"west": {"uv": [0, 0, 8.5, 4.25], "texture": "#5"},
				"up": {"uv": [0, 0, 8.5, 2.25], "rotation": 270, "texture": "#5"},
				"down": {"uv": [0, 0, 8.5, 2.25], "rotation": 90, "texture": "#5"}
			}
		},
		{
			"from": [1.17253, 8.5, 3.52552],
			"to": [3.42253, 12.75, 12.02552],
			"rotation": {"angle": 0, "axis": "y", "origin": [15.67253, 5.25, 15.77552]},
			"faces": {
				"north": {"uv": [0, 0, 2.25, 4.25], "texture": "#5"},
				"east": {"uv": [0, 0, 8.5, 4.25], "texture": "#5"},
				"south": {"uv": [0, 0, 2.25, 4.25], "texture": "#5"},
				"west": {"uv": [0, 0, 8.5, 4.25], "texture": "#5"},
				"up": {"uv": [0, 0, 8.5, 2.25], "rotation": 270, "texture": "#5"},
				"down": {"uv": [0, 0, 8.5, 2.25], "rotation": 90, "texture": "#5"}
			}
		},
		{
			"from": [5.25, 8.5, 12.5],
			"to": [13.75, 12.75, 14.75],
			"rotation": {"angle": 0, "axis": "y", "origin": [1.5, 5.25, 1]},
			"faces": {
				"north": {"uv": [0, 0, 8.5, 4.25], "texture": "#5"},
				"east": {"uv": [0, 0, 2.25, 4.25], "texture": "#5"},
				"south": {"uv": [0, 0, 8.5, 4.25], "texture": "#5"},
				"west": {"uv": [0, 0, 2.25, 4.25], "texture": "#5"},
				"up": {"uv": [0, 0, 8.5, 2.25], "texture": "#5"},
				"down": {"uv": [0, 0, 8.5, 2.25], "texture": "#5"}
			}
		},
		{
			"from": [10.25, 12.75, 13.5],
			"to": [13.75, 14.25, 14.75],
			"rotation": {"angle": 0, "axis": "y", "origin": [1.5, 5.25, 1]},
			"faces": {
				"north": {"uv": [0, 0, 16, 16], "texture": "#5"},
				"east": {"uv": [0, 0, 1.25, 1.5], "texture": "#5"},
				"south": {"uv": [0, 0, 3.5, 1.5], "texture": "#5"},
				"west": {"uv": [0, 0, 1.25, 1.5], "texture": "#5"},
				"up": {"uv": [0, 0, 3.5, 1.25], "texture": "#5"},
				"down": {"uv": [0, 0, 3.5, 1.25], "texture": "#5"}
			}
		},
		{
			"from": [11.25, 11, 15],
			"to": [13.75, 13, 15],
			"rotation": {"angle": 0, "axis": "y", "origin": [1.5, 5.25, 1]},
			"faces": {
				"north": {"uv": [0, 0, 16, 16], "texture": "#7"},
				"east": {"uv": [0, 0, 1.25, 1.5], "texture": "#7"},
				"south": {"uv": [0, 0, 16, 16], "texture": "#7"},
				"west": {"uv": [0, 0, 1.25, 1.5], "texture": "#7"},
				"up": {"uv": [0, 0, 3.5, 1.25], "texture": "#7"},
				"down": {"uv": [0, 0, 3.5, 1.25], "texture": "#7"}
			}
		},
		{
			"from": [5.25, 11, 15],
			"to": [7.75, 13, 15],
			"rotation": {"angle": 0, "axis": "y", "origin": [1.5, 5.25, 1]},
			"faces": {
				"north": {"uv": [0, 0, 16, 16], "texture": "#7"},
				"east": {"uv": [0, 0, 1.25, 1.5], "texture": "#7"},
				"south": {"uv": [0, 0, 16, 16], "texture": "#7"},
				"west": {"uv": [0, 0, 1.25, 1.5], "texture": "#7"},
				"up": {"uv": [0, 0, 3.5, 1.25], "texture": "#7"},
				"down": {"uv": [0, 0, 3.5, 1.25], "texture": "#7"}
			}
		},
		{
			"from": [8.75, 17, 16.75],
			"to": [10.25, 18.5, 16.75],
			"rotation": {"angle": 0, "axis": "y", "origin": [1.5, 5.25, 1]},
			"faces": {
				"north": {"uv": [0, 0, 16, 16], "texture": "#8"},
				"east": {"uv": [0, 0, 1.25, 1.5], "texture": "#8"},
				"south": {"uv": [0, 0, 16, 16], "texture": "#8"},
				"west": {"uv": [0, 0, 1.25, 1.5], "texture": "#8"},
				"up": {"uv": [0, 0, 3.5, 1.25], "texture": "#8"},
				"down": {"uv": [0, 0, 3.5, 1.25], "texture": "#8"}
			}
		},
		{
			"from": [11, 14.25, 13.5],
			"to": [13, 15.75, 14.75],
			"rotation": {"angle": 0, "axis": "y", "origin": [1.5, 5.25, 1]},
			"faces": {
				"north": {"uv": [0, 0, 16, 16], "texture": "#5"},
				"east": {"uv": [0, 0, 1.25, 1.5], "texture": "#5"},
				"south": {"uv": [0, 0, 2, 1.5], "texture": "#5"},
				"west": {"uv": [0, 0, 1.25, 1.5], "texture": "#5"},
				"up": {"uv": [0, 0, 2, 1.25], "texture": "#5"},
				"down": {"uv": [0, 0, 2, 1.25], "texture": "#5"}
			}
		},
		{
			"from": [11.5, 15.75, 13.5],
			"to": [12.5, 17.25, 14.75],
			"rotation": {"angle": 0, "axis": "y", "origin": [1.5, 5.25, 1]},
			"faces": {
				"north": {"uv": [0, 0, 16, 16], "texture": "#5"},
				"east": {"uv": [0, 0, 1.25, 1.5], "texture": "#5"},
				"south": {"uv": [0, 0, 1, 1.5], "texture": "#5"},
				"west": {"uv": [0, 0, 1.25, 1.5], "texture": "#5"},
				"up": {"uv": [0, 0, 1, 1.25], "texture": "#5"},
				"down": {"uv": [0, 0, 1, 1.25], "texture": "#5"}
			}
		},
		{
			"from": [11.75, 17.25, 13.5],
			"to": [12.25, 18.75, 14.75],
			"rotation": {"angle": 0, "axis": "y", "origin": [1.5, 5.25, 1]},
			"faces": {
				"north": {"uv": [0, 0, 16, 16], "texture": "#5"},
				"east": {"uv": [0, 0, 1.25, 1.5], "texture": "#5"},
				"south": {"uv": [0, 0, 0.5, 1.5], "texture": "#5"},
				"west": {"uv": [0, 0, 1.25, 1.5], "texture": "#5"},
				"up": {"uv": [0, 0, 0.5, 1.25], "texture": "#5"},
				"down": {"uv": [0, 0, 0.5, 1.25], "texture": "#5"}
			}
		},
		{
			"from": [5.25, 12.75, 13.5],
			"to": [8.75, 14.25, 14.75],
			"rotation": {"angle": 0, "axis": "y", "origin": [1.5, 5.25, 1]},
			"faces": {
				"north": {"uv": [0, 0, 16, 16], "texture": "#5"},
				"east": {"uv": [0, 0, 1.25, 1.5], "texture": "#5"},
				"south": {"uv": [0, 0, 3.5, 1.5], "texture": "#5"},
				"west": {"uv": [0, 0, 1.25, 1.5], "texture": "#5"},
				"up": {"uv": [0, 0, 3.5, 1.25], "texture": "#5"},
				"down": {"uv": [0, 0, 3.5, 1.25], "texture": "#5"}
			}
		},
		{
			"from": [6, 14.25, 13.5],
			"to": [8, 15.75, 14.75],
			"rotation": {"angle": 0, "axis": "y", "origin": [1.5, 5.25, 1]},
			"faces": {
				"north": {"uv": [0, 0, 16, 16], "texture": "#5"},
				"east": {"uv": [0, 0, 1.25, 1.5], "texture": "#5"},
				"south": {"uv": [0, 0, 2, 1.5], "texture": "#5"},
				"west": {"uv": [0, 0, 1.25, 1.5], "texture": "#5"},
				"up": {"uv": [0, 0, 2, 1.25], "texture": "#5"},
				"down": {"uv": [0, 0, 2, 1.25], "texture": "#5"}
			}
		},
		{
			"from": [6.5, 15.75, 13.5],
			"to": [7.5, 17.25, 14.75],
			"rotation": {"angle": 0, "axis": "y", "origin": [1.5, 5.25, 1]},
			"faces": {
				"north": {"uv": [0, 0, 16, 16], "texture": "#5"},
				"east": {"uv": [0, 0, 1.25, 1.5], "texture": "#5"},
				"south": {"uv": [0, 0, 1, 1.5], "texture": "#5"},
				"west": {"uv": [0, 0, 1.25, 1.5], "texture": "#5"},
				"up": {"uv": [0, 0, 1, 1.25], "texture": "#5"},
				"down": {"uv": [0, 0, 1, 1.25], "texture": "#5"}
			}
		},
		{
			"from": [6.75, 17.25, 13.5],
			"to": [7.25, 18.75, 14.75],
			"rotation": {"angle": 0, "axis": "y", "origin": [1.5, 5.25, 1]},
			"faces": {
				"north": {"uv": [0, 0, 16, 16], "texture": "#5"},
				"east": {"uv": [0, 0, 1.25, 1.5], "texture": "#5"},
				"south": {"uv": [0, 0, 0.5, 1.5], "texture": "#5"},
				"west": {"uv": [0, 0, 1.25, 1.5], "texture": "#5"},
				"up": {"uv": [0, 0, 0.5, 1.25], "texture": "#5"},
				"down": {"uv": [0, 0, 0.5, 1.25], "texture": "#5"}
			}
		},
		{
			"from": [5.25, 12.75, 0.75],
			"to": [8.75, 14.25, 2],
			"rotation": {"angle": 0, "axis": "y", "origin": [1.5, 5.25, 1]},
			"faces": {
				"north": {"uv": [0, 0, 2, 2], "texture": "#5"},
				"east": {"uv": [0, 0, 1.25, 1.5], "texture": "#5"},
				"south": {"uv": [0, 0, 3.5, 1.5], "texture": "#5"},
				"west": {"uv": [0, 0, 1.25, 1.5], "texture": "#5"},
				"up": {"uv": [0, 0, 3.5, 1.25], "texture": "#5"},
				"down": {"uv": [0, 0, 3.5, 1.25], "texture": "#5"}
			}
		},
		{
			"from": [6, 14.25, 0.75],
			"to": [8, 15.75, 2],
			"rotation": {"angle": 0, "axis": "y", "origin": [1.5, 5.25, 1]},
			"faces": {
				"north": {"uv": [0, 0, 2, 2], "texture": "#5"},
				"east": {"uv": [0, 0, 1.25, 1.5], "texture": "#5"},
				"south": {"uv": [0, 0, 2, 1.5], "texture": "#5"},
				"west": {"uv": [0, 0, 1.25, 1.5], "texture": "#5"},
				"up": {"uv": [0, 0, 2, 1.25], "texture": "#5"},
				"down": {"uv": [0, 0, 2, 1.25], "texture": "#5"}
			}
		},
		{
			"from": [6.75, 17.25, 0.75],
			"to": [7.25, 18.75, 2],
			"rotation": {"angle": 0, "axis": "y", "origin": [1.5, 5.25, 1]},
			"faces": {
				"north": {"uv": [0, 0, 2, 2], "texture": "#5"},
				"east": {"uv": [0, 0, 1.25, 1.5], "texture": "#5"},
				"south": {"uv": [0, 0, 0.5, 1.5], "texture": "#5"},
				"west": {"uv": [0, 0, 1.25, 1.5], "texture": "#5"},
				"up": {"uv": [0, 0, 0.5, 1.25], "texture": "#5"},
				"down": {"uv": [0, 0, 0.5, 1.25], "texture": "#5"}
			}
		},
		{
			"from": [6.5, 15.75, 0.75],
			"to": [7.5, 17.25, 2],
			"rotation": {"angle": 0, "axis": "y", "origin": [1.5, 5.25, 1]},
			"faces": {
				"north": {"uv": [0, 0, 2, 2], "texture": "#5"},
				"east": {"uv": [0, 0, 1.25, 1.5], "texture": "#5"},
				"south": {"uv": [0, 0, 1, 1.5], "texture": "#5"},
				"west": {"uv": [0, 0, 1.25, 1.5], "texture": "#5"},
				"up": {"uv": [0, 0, 1, 1.25], "texture": "#5"},
				"down": {"uv": [0, 0, 1, 1.25], "texture": "#5"}
			}
		},
		{
			"from": [10.25, 12.75, 0.75],
			"to": [13.75, 14.25, 2],
			"rotation": {"angle": 0, "axis": "y", "origin": [1.5, 5.25, 1]},
			"faces": {
				"north": {"uv": [0, 0, 2, 2], "texture": "#5"},
				"east": {"uv": [0, 0, 1.25, 1.5], "texture": "#5"},
				"south": {"uv": [0, 0, 3.5, 1.5], "texture": "#5"},
				"west": {"uv": [0, 0, 1.25, 1.5], "texture": "#5"},
				"up": {"uv": [0, 0, 3.5, 1.25], "texture": "#5"},
				"down": {"uv": [0, 0, 3.5, 1.25], "texture": "#5"}
			}
		},
		{
			"from": [11, 14.25, 0.75],
			"to": [13, 15.75, 2],
			"rotation": {"angle": 0, "axis": "y", "origin": [1.5, 5.25, 1]},
			"faces": {
				"north": {"uv": [0, 0, 2, 2], "texture": "#5"},
				"east": {"uv": [0, 0, 1.25, 1.5], "texture": "#5"},
				"south": {"uv": [0, 0, 2, 1.5], "texture": "#5"},
				"west": {"uv": [0, 0, 1.25, 1.5], "texture": "#5"},
				"up": {"uv": [0, 0, 2, 1.25], "texture": "#5"},
				"down": {"uv": [0, 0, 2, 1.25], "texture": "#5"}
			}
		},
		{
			"from": [11.5, 15.75, 0.75],
			"to": [12.5, 17.25, 2],
			"rotation": {"angle": 0, "axis": "y", "origin": [1.5, 5.25, 1]},
			"faces": {
				"north": {"uv": [0, 0, 2, 2], "texture": "#5"},
				"east": {"uv": [0, 0, 1.25, 1.5], "texture": "#5"},
				"south": {"uv": [0, 0, 1, 1.5], "texture": "#5"},
				"west": {"uv": [0, 0, 1.25, 1.5], "texture": "#5"},
				"up": {"uv": [0, 0, 1, 1.25], "texture": "#5"},
				"down": {"uv": [0, 0, 1, 1.25], "texture": "#5"}
			}
		},
		{
			"from": [11.75, 17.25, 0.75],
			"to": [12.25, 18.75, 2],
			"rotation": {"angle": 0, "axis": "y", "origin": [1.5, 5.25, 1]},
			"faces": {
				"north": {"uv": [0, 0, 2, 2], "texture": "#5"},
				"east": {"uv": [0, 0, 1.25, 1.5], "texture": "#5"},
				"south": {"uv": [0, 0, 0.5, 1.5], "texture": "#5"},
				"west": {"uv": [0, 0, 1.25, 1.5], "texture": "#5"},
				"up": {"uv": [0, 0, 0.5, 1.25], "texture": "#5"},
				"down": {"uv": [0, 0, 0.5, 1.25], "texture": "#5"}
			}
		},
		{
			"from": [5.59739, 8.5, 1.43149],
			"to": [7.84739, 12.75, 3.93149],
			"rotation": {"angle": 45, "axis": "y", "origin": [12.34739, 5.25, -8.31851]},
			"faces": {
				"north": {"uv": [0, 0, 2.25, 4.25], "texture": "#5"},
				"east": {"uv": [0, 0, 2.5, 4.25], "texture": "#5"},
				"south": {"uv": [0, 0, 2.25, 4.25], "texture": "#5"},
				"west": {"uv": [0, 0, 2.5, 4.25], "texture": "#5"},
				"up": {"uv": [0, 0, 2.5, 2.25], "rotation": 90, "texture": "#5"},
				"down": {"uv": [0, 0, 2.5, 2.25], "rotation": 270, "texture": "#5"}
			}
		},
		{
			"from": [16.06201, 8.5, -1.82221],
			"to": [18.56201, 12.75, 0.42779],
			"rotation": {"angle": -22.5, "axis": "y", "origin": [8.31201, 5.25, -6.32221]},
			"faces": {
				"north": {"uv": [0, 0, 2.5, 4.25], "texture": "#5"},
				"east": {"uv": [0, 0, 2.25, 4.25], "texture": "#5"},
				"south": {"uv": [0, 0, 2.5, 4.25], "texture": "#5"},
				"west": {"uv": [0, 0, 2.25, 4.25], "texture": "#5"},
				"up": {"uv": [0, 0, 2.5, 2.25], "texture": "#5"},
				"down": {"uv": [0, 0, 2.5, 2.25], "texture": "#5"}
			}
		},
		{
			"from": [5.25, 8.5, 0.80105],
			"to": [13.75, 12.75, 3.05105],
			"rotation": {"angle": 0, "axis": "y", "origin": [1.5, 5.25, -10.69895]},
			"faces": {
				"north": {"uv": [0, 0, 8.5, 4.25], "texture": "#5"},
				"east": {"uv": [0, 0, 2.25, 4.25], "texture": "#5"},
				"south": {"uv": [0, 0, 8.5, 4.25], "texture": "#5"},
				"west": {"uv": [0, 0, 2.25, 4.25], "texture": "#5"},
				"up": {"uv": [0, 0, 8.5, 2.25], "texture": "#5"},
				"down": {"uv": [0, 0, 8.5, 2.25], "texture": "#5"}
			}
		},
		{
			"from": [8.25, 10.5, 14.75],
			"to": [10.75, 13.5, 17],
			"rotation": {"angle": 0, "axis": "y", "origin": [1.5, 5.25, 1]},
			"faces": {
				"north": {"uv": [0, 0, 16, 16], "texture": "#2"},
				"east": {"uv": [0, 0, 2.25, 3], "texture": "#2"},
				"south": {"uv": [0, 0, 2.5, 3], "texture": "#2"},
				"west": {"uv": [0, 0, 2.25, 3], "texture": "#2"},
				"up": {"uv": [0, 0, 2.5, 2.25], "texture": "#2"},
				"down": {"uv": [0, 0, 2.5, 2.25], "texture": "#2"}
			}
		},
		{
			"from": [17.25, 10.5, 6.75],
			"to": [19.5, 13.5, 9.25],
			"rotation": {"angle": 0, "axis": "y", "origin": [1.5, 5.25, 1]},
			"faces": {
				"north": {"uv": [0, 0, 2.25, 3], "texture": "#2"},
				"east": {"uv": [0, 0, 2.5, 3], "texture": "#2"},
				"south": {"uv": [0, 0, 2.25, 3], "texture": "#2"},
				"west": {"uv": [0, 0, 2.5, 3], "texture": "#2"},
				"up": {"uv": [0, 0, 2.5, 2.25], "rotation": 270, "texture": "#2"},
				"down": {"uv": [0, 0, 2.5, 2.25], "rotation": 90, "texture": "#2"}
			}
		},
		{
			"from": [17.5, 13.5, 7],
			"to": [19.25, 16.5, 9],
			"rotation": {"angle": 0, "axis": "y", "origin": [1.5, 5.25, 1]},
			"faces": {
				"north": {"uv": [0, 0, 1.75, 3], "texture": "#2"},
				"east": {"uv": [0, 0, 2, 3], "texture": "#2"},
				"south": {"uv": [0, 0, 1.75, 3], "texture": "#2"},
				"west": {"uv": [0, 0, 2, 3], "texture": "#2"},
				"up": {"uv": [0, 0, 2, 1.75], "rotation": 270, "texture": "#2"},
				"down": {"uv": [0, 0, 2, 1.75], "rotation": 90, "texture": "#2"}
			}
		},
		{
			"from": [17.75, 16.5, 7.25],
			"to": [19, 19.5, 8.75],
			"rotation": {"angle": 0, "axis": "y", "origin": [1.5, 5.25, 1]},
			"faces": {
				"north": {"uv": [0, 0, 1.25, 3], "texture": "#2"},
				"east": {"uv": [0, 0, 1.5, 3], "texture": "#2"},
				"south": {"uv": [0, 0, 1.25, 3], "texture": "#2"},
				"west": {"uv": [0, 0, 1.5, 3], "texture": "#2"},
				"up": {"uv": [0, 0, 1.5, 1.25], "rotation": 270, "texture": "#2"},
				"down": {"uv": [0, 0, 1.5, 1.25], "rotation": 90, "texture": "#2"}
			}
		},
		{
			"from": [22.25, 11.75, 7.5],
			"to": [23, 14.75, 8.5],
			"rotation": {"angle": 22.5, "axis": "z", "origin": [1.5, 5.25, 1]},
			"faces": {
				"north": {"uv": [0, 0, 0.75, 3], "texture": "#2"},
				"east": {"uv": [0, 0, 1, 3], "texture": "#2"},
				"south": {"uv": [0, 0, 0.75, 3], "texture": "#2"},
				"west": {"uv": [0, 0, 1, 3], "texture": "#2"},
				"up": {"uv": [0, 0, 1, 0.75], "rotation": 270, "texture": "#2"},
				"down": {"uv": [0, 0, 1, 0.75], "rotation": 90, "texture": "#2"}
			}
		},
		{
			"from": [24.5, 5.5, 7.75],
			"to": [24.75, 7.5, 8.25],
			"rotation": {"angle": 45, "axis": "z", "origin": [1.5, 5.25, 1]},
			"faces": {
				"north": {"uv": [0, 0, 0.25, 2], "texture": "#0"},
				"east": {"uv": [0, 0, 0.5, 2], "texture": "#0"},
				"south": {"uv": [0, 0, 0.25, 2], "texture": "#0"},
				"west": {"uv": [0, 0, 0.5, 2], "texture": "#0"},
				"up": {"uv": [0, 0, 0.5, 0.25], "rotation": 270, "texture": "#0"},
				"down": {"uv": [0, 0, 0.5, 0.25], "rotation": 90, "texture": "#0"}
			}
		},
		{
			"from": [-16, 29.5, 7.75],
			"to": [-15.75, 31.5, 8.25],
			"rotation": {"angle": -45, "axis": "z", "origin": [-16.5, 5.25, 1]},
			"faces": {
				"north": {"uv": [0, 0, 0.25, 2], "texture": "#0"},
				"east": {"uv": [0, 0, 0.5, 2], "texture": "#0"},
				"south": {"uv": [0, 0, 0.25, 2], "texture": "#0"},
				"west": {"uv": [0, 0, 0.5, 2], "texture": "#0"},
				"up": {"uv": [0, 0, 0.5, 0.25], "rotation": 270, "texture": "#0"},
				"down": {"uv": [0, 0, 0.5, 0.25], "rotation": 90, "texture": "#0"}
			}
		},
		{
			"from": [-0.75, 10.5, 6.75],
			"to": [1.5, 13.5, 9.25],
			"rotation": {"angle": 0, "axis": "y", "origin": [-16.5, 5.25, 1]},
			"faces": {
				"north": {"uv": [0, 0, 2.25, 3], "texture": "#2"},
				"east": {"uv": [0, 0, 2.5, 3], "texture": "#2"},
				"south": {"uv": [0, 0, 2.25, 3], "texture": "#2"},
				"west": {"uv": [0, 0, 2.5, 3], "texture": "#2"},
				"up": {"uv": [0, 0, 2.5, 2.25], "rotation": 270, "texture": "#2"},
				"down": {"uv": [0, 0, 2.5, 2.25], "rotation": 90, "texture": "#2"}
			}
		},
		{
			"from": [-0.75, 12.75, 1],
			"to": [1.5, 15.25, 3.5],
			"rotation": {"angle": 45, "axis": "x", "origin": [-16.5, 5.25, 1]},
			"faces": {
				"north": {"uv": [0, 0, 2.25, 2.5], "rotation": 180, "texture": "#2"},
				"east": {"uv": [0, 0, 2.5, 2.5], "rotation": 180, "texture": "#2"},
				"south": {"uv": [0, 0, 2.25, 2.5], "rotation": 180, "texture": "#2"},
				"west": {"uv": [0, 0, 2.5, 2.5], "rotation": 180, "texture": "#2"},
				"up": {"uv": [0, 0, 2.5, 2.25], "rotation": 90, "texture": "#2"},
				"down": {"uv": [0, 0, 2.5, 2.25], "rotation": 270, "texture": "#2"}
			}
		},
		{
			"from": [-0.75, 11.5, 2.75],
			"to": [1.5, 13.5, 4.75],
			"rotation": {"angle": 45, "axis": "x", "origin": [-16.5, 5.25, 1]},
			"faces": {
				"north": {"uv": [0, 0, 2.25, 2], "rotation": 180, "texture": "#2"},
				"east": {"uv": [0, 0, 2, 2], "rotation": 180, "texture": "#2"},
				"south": {"uv": [0, 0, 2.25, 2], "rotation": 180, "texture": "#2"},
				"west": {"uv": [0, 0, 2, 2], "rotation": 180, "texture": "#2"},
				"up": {"uv": [0, 0, 2, 2.25], "rotation": 90, "texture": "#2"},
				"down": {"uv": [0, 0, 2, 2.25], "rotation": 270, "texture": "#2"}
			}
		},
		{
			"from": [-0.75, 10.25, 4.25],
			"to": [1.5, 12, 6],
			"rotation": {"angle": 45, "axis": "x", "origin": [-16.5, 5.25, 1]},
			"faces": {
				"north": {"uv": [0, 0, 2.25, 1.75], "rotation": 180, "texture": "#2"},
				"east": {"uv": [0, 0, 1.75, 1.75], "rotation": 180, "texture": "#2"},
				"south": {"uv": [0, 0, 2.25, 1.75], "rotation": 180, "texture": "#2"},
				"west": {"uv": [0, 0, 1.75, 1.75], "rotation": 180, "texture": "#2"},
				"up": {"uv": [0, 0, 1.75, 2.25], "rotation": 90, "texture": "#2"},
				"down": {"uv": [0, 0, 1.75, 2.25], "rotation": 270, "texture": "#2"}
			}
		},
		{
			"from": [-0.5, 13.5, 7],
			"to": [1.25, 16.5, 9],
			"rotation": {"angle": 0, "axis": "y", "origin": [-16.5, 5.25, 1]},
			"faces": {
				"north": {"uv": [0, 0, 1.75, 3], "texture": "#2"},
				"east": {"uv": [0, 0, 2, 3], "texture": "#2"},
				"south": {"uv": [0, 0, 1.75, 3], "texture": "#2"},
				"west": {"uv": [0, 0, 2, 3], "texture": "#2"},
				"up": {"uv": [0, 0, 2, 1.75], "rotation": 270, "texture": "#2"},
				"down": {"uv": [0, 0, 2, 1.75], "rotation": 90, "texture": "#2"}
			}
		},
		{
			"from": [-0.25, 16.5, 7.25],
			"to": [1, 19.5, 8.75],
			"rotation": {"angle": 0, "axis": "y", "origin": [-16.5, 5.25, 1]},
			"faces": {
				"north": {"uv": [0, 0, 1.25, 3], "texture": "#2"},
				"east": {"uv": [0, 0, 1.5, 3], "texture": "#2"},
				"south": {"uv": [0, 0, 1.25, 3], "texture": "#2"},
				"west": {"uv": [0, 0, 1.5, 3], "texture": "#2"},
				"up": {"uv": [0, 0, 1.5, 1.25], "rotation": 270, "texture": "#2"},
				"down": {"uv": [0, 0, 1.5, 1.25], "rotation": 90, "texture": "#2"}
			}
		},
		{
			"from": [-6.75, 24.75, 7.5],
			"to": [-6, 27.75, 8.5],
			"rotation": {"angle": -22.5, "axis": "z", "origin": [-16.5, 5.25, 1]},
			"faces": {
				"north": {"uv": [0, 0, 0.75, 3], "texture": "#2"},
				"east": {"uv": [0, 0, 1, 3], "texture": "#2"},
				"south": {"uv": [0, 0, 0.75, 3], "texture": "#2"},
				"west": {"uv": [0, 0, 1, 3], "texture": "#2"},
				"up": {"uv": [0, 0, 1, 0.75], "rotation": 270, "texture": "#2"},
				"down": {"uv": [0, 0, 1, 0.75], "rotation": 90, "texture": "#2"}
			}
		},
		{
			"from": [9.42058, 8.5, 18.23453],
			"to": [11.92058, 12.75, 20.48453],
			"rotation": {"angle": 22.5, "axis": "y", "origin": [-2.82942, 5.25, 6.73453]},
			"faces": {
				"north": {"uv": [0, 0, 2.5, 4.25], "texture": "#5"},
				"east": {"uv": [0, 0, 2.25, 4.25], "texture": "#5"},
				"south": {"uv": [0, 0, 2.5, 4.25], "texture": "#5"},
				"west": {"uv": [0, 0, 2.25, 4.25], "texture": "#5"},
				"up": {"uv": [0, 0, 2.5, 2.25], "texture": "#5"},
				"down": {"uv": [0, 0, 2.5, 2.25], "texture": "#5"}
			}
		},
		{
			"from": [9.92058, 9.25, 20.23453],
			"to": [11.92058, 11.25, 20.73453],
			"rotation": {"angle": 22.5, "axis": "y", "origin": [-2.82942, 6, 6.73453]},
			"faces": {
				"north": {"uv": [0, 0, 2, 2], "texture": "#6"},
				"east": {"uv": [0, 0, 0.5, 2], "texture": "#6"},
				"south": {"uv": [0, 0, 16, 16], "texture": "#6"},
				"west": {"uv": [0, 0, 0.5, 2], "texture": "#6"},
				"up": {"uv": [0, 0, 2, 0.5], "texture": "#6"},
				"down": {"uv": [0, 0, 2, 0.5], "texture": "#6"}
			}
		},
		{
			"from": [10.17058, 9.5, 20.73453],
			"to": [11.67058, 11, 20.98453],
			"rotation": {"angle": 22.5, "axis": "y", "origin": [-2.82942, 6, 6.73453]},
			"faces": {
				"north": {"uv": [0, 0, 16, 16], "texture": "#9"},
				"east": {"uv": [0, 0, 16, 16], "texture": "#9"},
				"south": {"uv": [0, 0, 16, 16], "texture": "#9"},
				"west": {"uv": [0, 0, 16, 16], "texture": "#9"},
				"up": {"uv": [0, 0, 16, 16], "texture": "#9"},
				"down": {"uv": [0, 0, 16, 16], "texture": "#9"}
			}
		},
		{
			"from": [10.8036, 8.5, 26.35395],
			"to": [13.3036, 12.75, 28.60395],
			"rotation": {"angle": 45, "axis": "y", "origin": [-4.4464, 5.25, 14.85395]},
			"faces": {
				"north": {"uv": [0, 0, 2.5, 4.25], "texture": "#5"},
				"east": {"uv": [0, 0, 2.25, 4.25], "texture": "#5"},
				"south": {"uv": [0, 0, 2.5, 4.25], "texture": "#5"},
				"west": {"uv": [0, 0, 2.25, 4.25], "texture": "#5"},
				"up": {"uv": [0, 0, 2.5, 2.25], "texture": "#5"},
				"down": {"uv": [0, 0, 2.5, 2.25], "texture": "#5"}
			}
		},
		{
			"from": [8.29735, 8.5, 12.11159],
			"to": [10.79735, 12.75, 14.36159],
			"rotation": {"angle": -22.5, "axis": "y", "origin": [7.04735, 5.25, 0.61159]},
			"faces": {
				"north": {"uv": [0, 0, 2.5, 4.25], "texture": "#5"},
				"east": {"uv": [0, 0, 2.25, 4.25], "texture": "#5"},
				"south": {"uv": [0, 0, 2.5, 4.25], "texture": "#5"},
				"west": {"uv": [0, 0, 2.25, 4.25], "texture": "#5"},
				"up": {"uv": [0, 0, 2.5, 2.25], "texture": "#5"},
				"down": {"uv": [0, 0, 2.5, 2.25], "texture": "#5"}
			}
		},
		{
			"from": [8.54735, 9.25, 14.11159],
			"to": [10.79735, 11.5, 14.61159],
			"rotation": {"angle": -22.5, "axis": "y", "origin": [7.04735, 6, 0.61159]},
			"faces": {
				"north": {"uv": [0, 0, 2.25, 2.25], "texture": "#6"},
				"east": {"uv": [0, 0, 0.5, 2.25], "texture": "#6"},
				"south": {"uv": [0, 0, 16, 16], "texture": "#6"},
				"west": {"uv": [0, 0, 0.5, 2.25], "texture": "#6"},
				"up": {"uv": [0, 0, 2.25, 0.5], "texture": "#6"},
				"down": {"uv": [0, 0, 2.25, 0.5], "texture": "#6"}
			}
		},
		{
			"from": [8.79735, 9.5, 14.61159],
			"to": [10.54735, 11.25, 15.11159],
			"rotation": {"angle": -22.5, "axis": "y", "origin": [7.04735, 6, 0.61159]},
			"faces": {
				"north": {"uv": [0, 0, 16, 16], "texture": "#9"},
				"east": {"uv": [0, 0, 16, 16], "texture": "#9"},
				"south": {"uv": [0, 0, 16, 16], "texture": "#9"},
				"west": {"uv": [0, 0, 16, 16], "texture": "#9"},
				"up": {"uv": [0, 0, 16, 16], "texture": "#9"},
				"down": {"uv": [0, 0, 16, 16], "texture": "#9"}
			}
		},
		{
			"from": [9.7969, 8.5, 16.45446],
			"to": [12.2969, 12.75, 18.70446],
			"rotation": {"angle": -45, "axis": "y", "origin": [13.5469, 5.25, 4.95446]},
			"faces": {
				"north": {"uv": [0, 0, 2.5, 4.25], "texture": "#5"},
				"east": {"uv": [0, 0, 2.25, 4.25], "texture": "#5"},
				"south": {"uv": [0, 0, 2.5, 4.25], "texture": "#5"},
				"west": {"uv": [0, 0, 2.25, 4.25], "texture": "#5"},
				"up": {"uv": [0, 0, 2.5, 2.25], "texture": "#5"},
				"down": {"uv": [0, 0, 2.5, 2.25], "texture": "#5"}
			}
		},
		{
			"from": [-10.10259, 8.5, 7.74609],
			"to": [-7.85259, 12.75, 10.24609],
			"rotation": {"angle": -45, "axis": "y", "origin": [3.64741, 5.25, 20.49609]},
			"faces": {
				"north": {"uv": [0, 0, 2.25, 4.25], "texture": "#5"},
				"east": {"uv": [0, 0, 2.5, 4.25], "texture": "#5"},
				"south": {"uv": [0, 0, 2.25, 4.25], "texture": "#5"},
				"west": {"uv": [0, 0, 2.5, 4.25], "texture": "#5"},
				"up": {"uv": [0, 0, 2.5, 2.25], "rotation": 90, "texture": "#5"},
				"down": {"uv": [0, 0, 2.5, 2.25], "rotation": 270, "texture": "#5"}
			}
		},
		{
			"from": [9.51528, 8.5, 7.31239],
			"to": [12.01528, 12.75, 9.56239],
			"rotation": {"angle": 22.5, "axis": "y", "origin": [-7.73472, 5.25, 21.06239]},
			"faces": {
				"north": {"uv": [0, 0, 2.5, 4.25], "texture": "#5"},
				"east": {"uv": [0, 0, 2.25, 4.25], "texture": "#5"},
				"south": {"uv": [0, 0, 2.5, 4.25], "texture": "#5"},
				"west": {"uv": [0, 0, 2.25, 4.25], "texture": "#5"},
				"up": {"uv": [0, 0, 2.5, 2.25], "rotation": 180, "texture": "#5"},
				"down": {"uv": [0, 0, 2.5, 2.25], "rotation": 180, "texture": "#5"}
			}
		},
		{
			"from": [8.5, 13.5, 15],
			"to": [10.5, 16.5, 16.75],
			"rotation": {"angle": 0, "axis": "y", "origin": [1.5, 5.25, 1]},
			"faces": {
				"north": {"uv": [0, 0, 16, 16], "texture": "#2"},
				"east": {"uv": [0, 0, 1.75, 3], "texture": "#2"},
				"south": {"uv": [0, 0, 2, 3], "texture": "#2"},
				"west": {"uv": [0, 0, 1.75, 3], "texture": "#2"},
				"up": {"uv": [0, 0, 2, 1.75], "texture": "#2"},
				"down": {"uv": [0, 0, 2, 1.75], "texture": "#2"}
			}
		},
		{
			"from": [8.75, 16.5, 15.25],
			"to": [10.25, 19.5, 16.5],
			"rotation": {"angle": 0, "axis": "y", "origin": [1.5, 5.25, 1]},
			"faces": {
				"north": {"uv": [0, 0, 16, 16], "texture": "#2"},
				"east": {"uv": [0, 0, 1.25, 3], "texture": "#2"},
				"south": {"uv": [0, 0, 1.5, 3], "texture": "#2"},
				"west": {"uv": [0, 0, 1.25, 3], "texture": "#2"},
				"up": {"uv": [0, 0, 1.5, 1.25], "texture": "#2"},
				"down": {"uv": [0, 0, 1.5, 1.25], "texture": "#2"}
			}
		},
		{
			"from": [5.25, 11, -1.5],
			"to": [7, 12.75, 0.75],
			"rotation": {"angle": -45, "axis": "z", "origin": [1.5, 5.25, -15.25]},
			"faces": {
				"north": {"uv": [0, 0, 1.75, 1.75], "texture": "#2"},
				"east": {"uv": [0, 0, 2.25, 1.75], "texture": "#2"},
				"south": {"uv": [0, 0, 1.75, 1.75], "texture": "#2"},
				"west": {"uv": [0, 0, 2.25, 1.75], "texture": "#2"},
				"up": {"uv": [0, 0, 1.75, 2.25], "texture": "#2"},
				"down": {"uv": [0, 0, 1.75, 2.25], "texture": "#2"}
			}
		},
		{
			"from": [4, 12, -1.5],
			"to": [6, 14, 0.75],
			"rotation": {"angle": -45, "axis": "z", "origin": [1.5, 5.25, -15.25]},
			"faces": {
				"north": {"uv": [0, 0, 2, 2], "texture": "#2"},
				"east": {"uv": [0, 0, 2.25, 2], "texture": "#2"},
				"south": {"uv": [0, 0, 2, 2], "texture": "#2"},
				"west": {"uv": [0, 0, 2.25, 2], "texture": "#2"},
				"up": {"uv": [0, 0, 2, 2.25], "texture": "#2"},
				"down": {"uv": [0, 0, 2, 2.25], "texture": "#2"}
			}
		},
		{
			"from": [2.25, 13.25, -1.5],
			"to": [4.75, 15.75, 0.75],
			"rotation": {"angle": -45, "axis": "z", "origin": [1.5, 5.25, -15.25]},
			"faces": {
				"north": {"uv": [0, 0, 2.5, 2.5], "texture": "#2"},
				"east": {"uv": [0, 0, 2.25, 2.5], "texture": "#2"},
				"south": {"uv": [0, 0, 2.5, 2.5], "texture": "#2"},
				"west": {"uv": [0, 0, 2.25, 2.5], "texture": "#2"},
				"up": {"uv": [0, 0, 2.5, 2.25], "texture": "#2"},
				"down": {"uv": [0, 0, 2.5, 2.25], "texture": "#2"}
			}
		},
		{
			"from": [8.25, 10.5, -1.5],
			"to": [10.75, 13.5, 0.75],
			"rotation": {"angle": 0, "axis": "y", "origin": [1.5, 5.25, -15.25]},
			"faces": {
				"north": {"uv": [0, 0, 2.5, 3], "texture": "#2"},
				"east": {"uv": [0, 0, 2.25, 3], "texture": "#2"},
				"south": {"uv": [0, 0, 2.5, 3], "texture": "#2"},
				"west": {"uv": [0, 0, 2.25, 3], "texture": "#2"},
				"up": {"uv": [0, 0, 2.5, 2.25], "texture": "#2"},
				"down": {"uv": [0, 0, 2.5, 2.25], "texture": "#2"}
			}
		},
		{
			"from": [8.5, 13.5, -1.25],
			"to": [10.5, 16.5, 0.5],
			"rotation": {"angle": 0, "axis": "y", "origin": [1.5, 5.25, -15.25]},
			"faces": {
				"north": {"uv": [0, 0, 2, 3], "texture": "#2"},
				"east": {"uv": [0, 0, 1.75, 3], "texture": "#2"},
				"south": {"uv": [0, 0, 2, 3], "texture": "#2"},
				"west": {"uv": [0, 0, 1.75, 3], "texture": "#2"},
				"up": {"uv": [0, 0, 2, 1.75], "texture": "#2"},
				"down": {"uv": [0, 0, 2, 1.75], "texture": "#2"}
			}
		},
		{
			"from": [8.75, 16.5, -1],
			"to": [10.25, 19.5, 0.25],
			"rotation": {"angle": 0, "axis": "y", "origin": [1.5, 5.25, -15.25]},
			"faces": {
				"north": {"uv": [0, 0, 1.5, 3], "texture": "#2"},
				"east": {"uv": [0, 0, 1.25, 3], "texture": "#2"},
				"south": {"uv": [0, 0, 1.5, 3], "texture": "#2"},
				"west": {"uv": [0, 0, 1.25, 3], "texture": "#2"},
				"up": {"uv": [0, 0, 1.5, 1.25], "texture": "#2"},
				"down": {"uv": [0, 0, 1.5, 1.25], "texture": "#2"}
			}
		},
		{
			"from": [9, 23.75, -7.25],
			"to": [10, 26.75, -6.5],
			"rotation": {"angle": 22.5, "axis": "x", "origin": [1.5, 5.25, -15.25]},
			"faces": {
				"north": {"uv": [0, 0, 1, 3], "texture": "#2"},
				"east": {"uv": [0, 0, 0.75, 3], "texture": "#2"},
				"south": {"uv": [0, 0, 1, 3], "texture": "#2"},
				"west": {"uv": [0, 0, 0.75, 3], "texture": "#2"},
				"up": {"uv": [0, 0, 1, 0.75], "texture": "#2"},
				"down": {"uv": [0, 0, 1, 0.75], "texture": "#2"}
			}
		},
		{
			"from": [9.25, 28.25, -15.75],
			"to": [9.75, 30.25, -15.5],
			"rotation": {"angle": 45, "axis": "x", "origin": [1.5, 5.25, -15.25]},
			"faces": {
				"north": {"uv": [0, 0, 0.5, 2], "texture": "#0"},
				"east": {"uv": [0, 0, 0.25, 2], "texture": "#0"},
				"south": {"uv": [0, 0, 0.5, 2], "texture": "#0"},
				"west": {"uv": [0, 0, 0.25, 2], "texture": "#0"},
				"up": {"uv": [0, 0, 0.5, 0.25], "texture": "#0"},
				"down": {"uv": [0, 0, 0.5, 0.25], "texture": "#0"}
			}
		},
		{
			"from": [9, 12.5, 19.75],
			"to": [10, 15.5, 20.5],
			"rotation": {"angle": -22.5, "axis": "x", "origin": [1.5, 5.25, 1]},
			"faces": {
				"north": {"uv": [0, 0, 16, 16], "texture": "#2"},
				"east": {"uv": [0, 0, 0.75, 3], "texture": "#2"},
				"south": {"uv": [0, 0, 1, 3], "texture": "#2"},
				"west": {"uv": [0, 0, 0.75, 3], "texture": "#2"},
				"up": {"uv": [0, 0, 1, 0.75], "texture": "#2"},
				"down": {"uv": [0, 0, 1, 0.75], "texture": "#2"}
			}
		},
		{
			"from": [9.25, 7.25, 22.5],
			"to": [9.75, 9.25, 22.75],
			"rotation": {"angle": -45, "axis": "x", "origin": [1.5, 5.25, 1]},
			"faces": {
				"north": {"uv": [0, 0, 16, 16], "texture": "#0"},
				"east": {"uv": [0, 0, 0.25, 2], "texture": "#0"},
				"south": {"uv": [0, 0, 0.5, 2], "texture": "#0"},
				"west": {"uv": [0, 0, 0.25, 2], "texture": "#0"},
				"up": {"uv": [0, 0, 0.5, 0.25], "texture": "#0"},
				"down": {"uv": [0, 0, 0.5, 0.25], "texture": "#0"}
			}
		},
		{
			"from": [16.5, 12.75, 10.5],
			"to": [16.5, 15.75, 13.5],
			"faces": {
				"north": {"uv": [0, 0, 16, 16], "texture": "#1"},
				"east": {"uv": [0, 0, 16, 16], "texture": "#1"},
				"south": {"uv": [0, 0, 16, 16], "texture": "#1"},
				"west": {"uv": [0, 0, 16, 16], "texture": "#1"},
				"up": {"uv": [0, 0, 3, 0], "rotation": 90, "texture": "#1"},
				"down": {"uv": [0, 0, 3, 0], "rotation": 270, "texture": "#1"}
			}
		},
		{
			"from": [15, 12.75, 12],
			"to": [18, 15.75, 12],
			"faces": {
				"north": {"uv": [0, 0, 16, 16], "texture": "#1"},
				"east": {"uv": [0, 0, 16, 16], "texture": "#1"},
				"south": {"uv": [0, 0, 16, 16], "texture": "#1"},
				"west": {"uv": [0, 0, 16, 16], "texture": "#1"},
				"up": {"uv": [0, 0, 3, 0], "texture": "#1"},
				"down": {"uv": [0, 0, 3, 0], "texture": "#1"}
			}
		},
		{
			"from": [3.5, 12.75, 10.5],
			"to": [3.5, 15.75, 13.5],
			"faces": {
				"north": {"uv": [0, 0, 16, 16], "texture": "#1"},
				"east": {"uv": [0, 0, 16, 16], "texture": "#1"},
				"south": {"uv": [0, 0, 16, 16], "texture": "#1"},
				"west": {"uv": [0, 0, 16, 16], "texture": "#1"},
				"up": {"uv": [0, 0, 3, 0], "rotation": 90, "texture": "#1"},
				"down": {"uv": [0, 0, 3, 0], "rotation": 270, "texture": "#1"}
			}
		},
		{
			"from": [2, 12.75, 12],
			"to": [5, 15.75, 12],
			"faces": {
				"north": {"uv": [0, 0, 16, 16], "texture": "#1"},
				"east": {"uv": [0, 0, 16, 16], "texture": "#1"},
				"south": {"uv": [0, 0, 16, 16], "texture": "#1"},
				"west": {"uv": [0, 0, 16, 16], "texture": "#1"},
				"up": {"uv": [0, 0, 3, 0], "texture": "#1"},
				"down": {"uv": [0, 0, 3, 0], "texture": "#1"}
			}
		},
		{
			"from": [3.5, 12.75, 1.5],
			"to": [3.5, 15.75, 4.5],
			"faces": {
				"north": {"uv": [0, 0, 16, 16], "texture": "#1"},
				"east": {"uv": [0, 0, 16, 16], "texture": "#1"},
				"south": {"uv": [0, 0, 16, 16], "texture": "#1"},
				"west": {"uv": [0, 0, 16, 16], "texture": "#1"},
				"up": {"uv": [0, 0, 3, 0], "rotation": 90, "texture": "#1"},
				"down": {"uv": [0, 0, 3, 0], "rotation": 270, "texture": "#1"}
			}
		},
		{
			"from": [2, 12.75, 3],
			"to": [5, 15.75, 3],
			"faces": {
				"north": {"uv": [0, 0, 16, 16], "texture": "#1"},
				"east": {"uv": [0, 0, 16, 16], "texture": "#1"},
				"south": {"uv": [0, 0, 16, 16], "texture": "#1"},
				"west": {"uv": [0, 0, 16, 16], "texture": "#1"},
				"up": {"uv": [0, 0, 3, 0], "texture": "#1"},
				"down": {"uv": [0, 0, 3, 0], "texture": "#1"}
			}
		},
		{
			"from": [15.5, 12.75, 1.5],
			"to": [15.5, 15.75, 4.5],
			"faces": {
				"north": {"uv": [0, 0, 16, 16], "texture": "#1"},
				"east": {"uv": [0, 0, 16, 16], "texture": "#1"},
				"south": {"uv": [0, 0, 16, 16], "texture": "#1"},
				"west": {"uv": [0, 0, 16, 16], "texture": "#1"},
				"up": {"uv": [0, 0, 3, 0], "rotation": 90, "texture": "#1"},
				"down": {"uv": [0, 0, 3, 0], "rotation": 270, "texture": "#1"}
			}
		},
		{
			"from": [14, 12.75, 3],
			"to": [17, 15.75, 3],
			"faces": {
				"north": {"uv": [0, 0, 16, 16], "texture": "#1"},
				"east": {"uv": [0, 0, 16, 16], "texture": "#1"},
				"south": {"uv": [0, 0, 16, 16], "texture": "#1"},
				"west": {"uv": [0, 0, 16, 16], "texture": "#1"},
				"up": {"uv": [0, 0, 3, 0], "texture": "#1"},
				"down": {"uv": [0, 0, 3, 0], "texture": "#1"}
			}
		}
	],
	"display": {
		"thirdperson_righthand": {
			"rotation": [-147.75, 0, -163.25],
			"translation": [0, 0, -3.25],
			"scale": [0.69727, 0.69727, 0.78516]
		},
		"firstperson_righthand": {
			"translation": [6, 0, 0]
		},
		"firstperson_lefthand": {
			"translation": [11.25, 0, 0]
		},
		"ground": {
			"scale": [0.80078, 1, 1]
		},
		"head": {
			"rotation": [0, -180, 0],
			"translation": [1.5, 6, 0],
			"scale": [0.82618, 0.95118, 1.04493]
		},
		"fixed": {
			"rotation": [0, -180, 0]
		}
	}
}